id,video,frame,bbox_x,bbox_y,bbox_w,bbox_h
1,Video 1.mp4,2,542,52,34,52
2,Video 1.mp4,2,157,94,18,21
3,Video 1.mp4,2,108,116,20,25
1,Video 1.mp4,3,542,52,34,52
2,Video 1.mp4,3,157,97,18,20
3,Video 1.mp4,3,110,119,19,25
1,Video 1.mp4,4,542,52,34,52
2,Video 1.mp4,4,156,99,18,20
3,Video 1.mp4,4,110,121,20,25
1,Video 1.mp4,5,542,52,34,52
2,Video 1.mp4,5,156,99,18,22
3,Video 1.mp4,5,112,122,19,27
1,Video 1.mp4,6,542,52,34,52
2,Video 1.mp4,6,154,100,19,22
3,Video 1.mp4,6,112,124,20,27
1,Video 1.mp4,7,542,52,34,52
2,Video 1.mp4,7,154,101,19,22
3,Video 1.mp4,7,113,125,20,27
1,Video 1.mp4,8,542,51,34,53
2,Video 1.mp4,8,153,101,20,23
3,Video 1.mp4,8,113,126,20,27
1,Video 1.mp4,9,542,52,34,52
2,Video 1.mp4,9,153,102,19,22
3,Video 1.mp4,9,113,127,21,27
1,Video 1.mp4,10,542,52,34,52
2,Video 1.mp4,10,153,102,19,23
3,Video 1.mp4,10,113,128,21,28
1,Video 1.mp4,11,542,52,34,53
2,Video 1.mp4,11,153,103,20,22
3,Video 1.mp4,11,112,128,22,29
1,Video 1.mp4,12,541,52,34,53
2,Video 1.mp4,12,178,153,21,23
3,Video 1.mp4,12,112,129,23,29
1,Video 1.mp4,13,540,53,35,54
2,Video 1.mp4,13,179,154,21,24
3,Video 1.mp4,13,112,130,23,30
1,Video 1.mp4,14,540,56,34,53
2,Video 1.mp4,14,154,104,20,24
3,Video 1.mp4,14,111,133,24,29
1,Video 1.mp4,15,538,62,34,48
2,Video 1.mp4,15,155,106,19,24
3,Video 1.mp4,15,112,135,23,30
1,Video 1.mp4,16,537,64,34,49
2,Video 1.mp4,16,181,160,23,24
3,Video 1.mp4,16,111,137,25,31
1,Video 1.mp4,17,536,64,34,53
2,Video 1.mp4,17,182,163,23,25
3,Video 1.mp4,17,112,140,24,32
1,Video 1.mp4,18,534,74,33,46
2,Video 1.mp4,18,157,114,21,25
3,Video 1.mp4,18,112,143,25,32
1,Video 1.mp4,19,534,72,34,51
2,Video 1.mp4,19,185,169,24,26
3,Video 1.mp4,19,113,147,25,32
1,Video 1.mp4,20,534,75,35,49
2,Video 1.mp4,20,187,172,24,26
3,Video 1.mp4,20,113,150,25,33
1,Video 1.mp4,21,534,75,35,49
2,Video 1.mp4,21,189,175,24,26
3,Video 1.mp4,21,112,153,27,33
1,Video 1.mp4,22,534,75,34,48
2,Video 1.mp4,22,162,121,22,27
3,Video 1.mp4,22,112,156,27,34
1,Video 1.mp4,23,536,78,33,44
2,Video 1.mp4,23,163,121,22,28
3,Video 1.mp4,23,112,158,27,35
1,Video 1.mp4,24,537,76,33,45
2,Video 1.mp4,24,163,122,23,28
3,Video 1.mp4,24,112,160,27,35
1,Video 1.mp4,25,537,77,34,42
2,Video 1.mp4,25,165,122,23,28
3,Video 1.mp4,25,112,162,28,35
1,Video 1.mp4,26,539,78,33,41
2,Video 1.mp4,26,165,121,24,30
3,Video 1.mp4,26,111,164,29,34
1,Video 1.mp4,27,539,77,34,41
2,Video 1.mp4,27,166,123,24,29
3,Video 1.mp4,27,112,164,29,36
1,Video 1.mp4,28,540,79,34,37
2,Video 1.mp4,28,167,123,23,30
3,Video 1.mp4,28,113,166,29,35
1,Video 1.mp4,29,539,77,34,37
2,Video 1.mp4,29,168,125,24,30
3,Video 1.mp4,29,113,168,31,36
1,Video 1.mp4,30,540,74,33,38
2,Video 1.mp4,30,169,126,23,31
3,Video 1.mp4,30,114,169,31,37
1,Video 1.mp4,31,539,71,34,39
2,Video 1.mp4,31,169,129,24,30
3,Video 1.mp4,31,116,173,31,36
1,Video 1.mp4,32,539,68,33,40
2,Video 1.mp4,32,170,131,25,31
3,Video 1.mp4,32,118,177,29,36
1,Video 1.mp4,33,539,65,33,41
2,Video 1.mp4,33,207,197,27,31
3,Video 1.mp4,33,119,180,33,37
1,Video 1.mp4,34,539,64,31,40
2,Video 1.mp4,34,208,202,28,30
3,Video 1.mp4,34,123,185,30,37
1,Video 1.mp4,35,538,61,31,41
2,Video 1.mp4,35,210,206,27,29
3,Video 1.mp4,35,124,188,33,38
1,Video 1.mp4,36,538,58,31,42
2,Video 1.mp4,36,213,210,26,30
3,Video 1.mp4,36,127,190,33,40
1,Video 1.mp4,37,537,52,30,46
2,Video 1.mp4,37,175,150,26,31
3,Video 1.mp4,37,130,193,34,40
1,Video 1.mp4,38,534,51,30,45
2,Video 1.mp4,38,217,217,28,30
3,Video 1.mp4,38,132,195,37,41
1,Video 1.mp4,39,535,44,30,50
2,Video 1.mp4,39,176,156,27,31
3,Video 1.mp4,39,136,197,35,41
1,Video 1.mp4,40,533,45,31,46
2,Video 1.mp4,40,176,156,28,33
3,Video 1.mp4,40,139,201,37,39
1,Video 1.mp4,41,533,42,31,47
2,Video 1.mp4,41,224,222,29,33
3,Video 1.mp4,41,141,200,38,44
1,Video 1.mp4,42,533,40,30,48
2,Video 1.mp4,42,176,157,28,34
3,Video 1.mp4,42,145,205,37,42
1,Video 1.mp4,43,532,40,30,47
2,Video 1.mp4,43,176,156,29,36
3,Video 1.mp4,43,148,211,38,39
1,Video 1.mp4,44,531,39,30,47
2,Video 1.mp4,44,179,156,28,37
1,Video 1.mp4,45,531,38,30,48
2,Video 1.mp4,45,181,157,28,36
1,Video 1.mp4,46,530,39,30,47
2,Video 1.mp4,46,184,160,27,34
1,Video 1.mp4,47,530,40,29,46
2,Video 1.mp4,47,185,163,28,34
1,Video 1.mp4,48,529,40,30,47
2,Video 1.mp4,48,187,162,29,37
1,Video 1.mp4,49,529,41,30,46
2,Video 1.mp4,49,190,162,29,39
1,Video 1.mp4,50,530,41,31,47
2,Video 1.mp4,50,197,164,26,42
1,Video 1.mp4,51,532,41,30,47
2,Video 1.mp4,51,198,167,29,42
3,Video 1.mp4,51,164,239,61,76
1,Video 1.mp4,52,533,41,30,47
2,Video 1.mp4,52,203,169,29,42
1,Video 1.mp4,53,535,42,31,47
2,Video 1.mp4,53,207,166,29,47
1,Video 1.mp4,54,538,42,30,48
2,Video 1.mp4,54,213,169,29,47
1,Video 1.mp4,55,539,43,31,48
2,Video 1.mp4,55,220,182,29,36
1,Video 1.mp4,56,541,41,31,51
2,Video 1.mp4,56,233,185,21,33
1,Video 1.mp4,57,543,43,32,50
2,Video 1.mp4,57,232,183,28,39
1,Video 1.mp4,58,546,43,32,51
2,Video 1.mp4,58,236,187,27,34
1,Video 1.mp4,59,548,49,31,46
2,Video 1.mp4,59,242,188,26,30
1,Video 1.mp4,60,550,49,32,48
2,Video 1.mp4,60,246,187,24,31
1,Video 1.mp4,61,552,49,32,50
2,Video 1.mp4,61,248,186,26,33
1,Video 1.mp4,62,554,52,31,48
2,Video 1.mp4,62,251,185,26,31
1,Video 1.mp4,63,556,53,32,50
2,Video 1.mp4,63,260,294,53,20
1,Video 1.mp4,64,557,56,33,49
2,Video 1.mp4,64,257,186,25,34
1,Video 1.mp4,65,559,61,32,47
2,Video 1.mp4,65,260,187,25,31
1,Video 1.mp4,66,561,64,32,47
2,Video 1.mp4,66,263,187,25,32
1,Video 1.mp4,67,562,66,32,48
2,Video 1.mp4,67,265,188,25,30
1,Video 1.mp4,68,562,69,33,47
2,Video 1.mp4,68,266,188,27,31
1,Video 1.mp4,69,563,70,32,48
2,Video 1.mp4,69,267,191,29,29
1,Video 1.mp4,70,562,72,33,46
2,Video 1.mp4,70,267,191,31,31
1,Video 1.mp4,71,561,72,33,46
2,Video 1.mp4,71,264,191,38,36
1,Video 1.mp4,72,560,74,33,44
2,Video 1.mp4,72,277,195,29,32
1,Video 1.mp4,73,558,72,34,46
1,Video 1.mp4,74,555,71,35,47
2,Video 1.mp4,74,264,186,42,46
1,Video 1.mp4,75,552,70,35,48
2,Video 1.mp4,75,264,198,32,34
1,Video 1.mp4,76,548,68,35,50
1,Video 1.mp4,77,544,67,34,49
1,Video 1.mp4,78,540,68,33,48
3,Video 1.mp4,78,385,236,14,16
1,Video 1.mp4,79,535,68,34,47
1,Video 1.mp4,80,531,67,32,46
3,Video 1.mp4,80,302,227,8,12
1,Video 1.mp4,81,527,65,31,47
1,Video 1.mp4,82,521,62,33,49
3,Video 1.mp4,82,472,224,34,29
6,Video 1.mp4,82,277,182,40,68
1,Video 1.mp4,83,517,64,33,46
6,Video 1.mp4,83,285,182,36,72
1,Video 1.mp4,84,514,64,33,46
1,Video 1.mp4,85,511,73,31,36
3,Video 1.mp4,85,326,238,5,5
1,Video 1.mp4,86,507,66,33,43
1,Video 1.mp4,88,505,66,32,41
1,Video 1.mp4,89,504,67,33,39
1,Video 1.mp4,90,503,66,33,39
1,Video 1.mp4,91,503,63,34,42
1,Video 1.mp4,92,503,66,33,38
1,Video 1.mp4,93,504,67,31,37
6,Video 1.mp4,93,306,213,27,37
1,Video 1.mp4,94,504,66,32,38
1,Video 1.mp4,95,504,62,35,42
6,Video 1.mp4,95,307,207,26,42
1,Video 1.mp4,96,505,65,33,38
1,Video 1.mp4,97,505,64,33,39
1,Video 1.mp4,98,505,65,33,37
1,Video 1.mp4,99,504,64,33,38
1,Video 1.mp4,100,505,61,32,41
1,Video 1.mp4,101,506,64,32,37
1,Video 1.mp4,102,507,62,32,39
1,Video 1.mp4,103,508,63,33,38
1,Video 1.mp4,104,509,59,33,42
1,Video 1.mp4,105,511,58,34,43
1,Video 1.mp4,106,514,58,33,43
1,Video 1.mp4,107,516,60,33,41
1,Video 1.mp4,108,519,61,32,40
1,Video 1.mp4,109,520,62,33,39
1,Video 1.mp4,110,523,62,32,40
1,Video 1.mp4,111,525,61,32,41
1,Video 1.mp4,112,526,61,34,42
1,Video 1.mp4,113,529,62,33,42
1,Video 1.mp4,114,531,63,33,43
1,Video 1.mp4,115,534,66,31,42
1,Video 1.mp4,116,536,69,33,42
1,Video 1.mp4,117,537,72,34,41
1,Video 1.mp4,118,540,77,32,39
1,Video 1.mp4,119,541,78,32,41
1,Video 1.mp4,120,542,81,35,39
1,Video 1.mp4,121,544,81,35,41
6,Video 1.mp4,121,314,223,22,32
1,Video 1.mp4,122,545,81,36,42
6,Video 1.mp4,122,312,220,24,39
1,Video 1.mp4,123,545,81,35,41
1,Video 1.mp4,124,545,80,36,43
1,Video 1.mp4,125,546,82,34,40
1,Video 1.mp4,126,544,80,36,41
1,Video 1.mp4,127,543,79,34,40
1,Video 1.mp4,128,541,78,33,40
1,Video 1.mp4,129,539,77,34,40
1,Video 1.mp4,130,536,76,34,41
1,Video 1.mp4,131,534,74,34,41
1,Video 1.mp4,132,531,74,34,40
1,Video 1.mp4,133,528,72,35,41
1,Video 1.mp4,134,526,71,36,41
1,Video 1.mp4,135,525,72,34,41
6,Video 1.mp4,135,314,233,17,25
1,Video 1.mp4,136,522,71,36,41
6,Video 1.mp4,136,310,231,21,26
1,Video 1.mp4,137,522,72,35,40
1,Video 1.mp4,138,521,71,35,41
6,Video 1.mp4,138,312,228,20,27
1,Video 1.mp4,139,520,71,35,41
6,Video 1.mp4,139,311,224,23,30
1,Video 1.mp4,140,519,71,36,42
1,Video 1.mp4,141,520,72,35,42
1,Video 1.mp4,142,520,75,34,40
1,Video 1.mp4,143,520,74,35,41
1,Video 1.mp4,144,520,75,36,41
1,Video 1.mp4,145,521,76,36,40
1,Video 1.mp4,146,523,77,34,40
1,Video 1.mp4,147,523,78,35,40
8,Video 1.mp4,147,152,81,26,44
1,Video 1.mp4,148,524,77,36,41
1,Video 1.mp4,149,523,78,37,41
1,Video 1.mp4,150,524,78,36,41
1,Video 1.mp4,151,524,78,36,40
1,Video 1.mp4,152,524,76,36,42
1,Video 1.mp4,153,524,77,35,40
1,Video 1.mp4,154,524,76,34,41
3,Video 1.mp4,154,497,221,29,11
1,Video 1.mp4,155,522,73,36,44
1,Video 1.mp4,156,522,73,36,43
1,Video 1.mp4,157,522,74,36,42
1,Video 1.mp4,158,523,74,35,42
1,Video 1.mp4,159,523,76,35,40
1,Video 1.mp4,160,523,75,35,42
1,Video 1.mp4,161,524,76,35,41
1,Video 1.mp4,162,523,76,36,41
1,Video 1.mp4,163,524,77,34,40
1,Video 1.mp4,164,523,79,34,38
1,Video 1.mp4,165,523,79,35,38
1,Video 1.mp4,166,523,80,34,37
1,Video 1.mp4,167,522,78,35,38
1,Video 1.mp4,168,522,79,35,37
1,Video 1.mp4,169,522,73,36,43
1,Video 1.mp4,170,522,75,36,42
1,Video 1.mp4,171,523,74,35,43
1,Video 1.mp4,172,524,75,35,43
1,Video 1.mp4,173,524,77,34,42
8,Video 1.mp4,173,168,64,19,27
1,Video 1.mp4,174,524,76,35,44
1,Video 1.mp4,175,524,78,36,43
1,Video 1.mp4,176,525,79,36,42
1,Video 1.mp4,177,528,82,34,40
1,Video 1.mp4,178,529,83,34,39
1,Video 1.mp4,179,529,85,35,37
1,Video 1.mp4,180,531,83,35,39
1,Video 1.mp4,181,534,85,33,37
1,Video 1.mp4,182,535,84,33,38
1,Video 1.mp4,183,536,82,34,40
1,Video 1.mp4,184,536,82,34,40
1,Video 1.mp4,185,537,81,34,41
1,Video 1.mp4,186,536,81,34,40
1,Video 1.mp4,187,536,80,34,41
1,Video 1.mp4,188,535,80,34,40
1,Video 1.mp4,189,533,78,34,41
1,Video 1.mp4,190,532,78,34,40
1,Video 1.mp4,191,532,82,33,36
1,Video 1.mp4,192,531,78,34,39
1,Video 1.mp4,193,530,77,35,40
1,Video 1.mp4,194,530,75,34,42
8,Video 1.mp4,194,127,65,12,22
1,Video 1.mp4,195,530,75,34,43
1,Video 1.mp4,196,530,77,33,40
1,Video 1.mp4,197,529,76,35,41
1,Video 1.mp4,198,530,77,33,40
1,Video 1.mp4,199,529,78,34,39
1,Video 1.mp4,200,529,78,34,39
1,Video 1.mp4,201,529,78,34,38
1,Video 1.mp4,202,528,77,35,39
1,Video 1.mp4,203,529,78,32,38
1,Video 1.mp4,204,529,78,32,37
8,Video 1.mp4,204,118,56,24,35
1,Video 1.mp4,205,527,70,33,44
1,Video 1.mp4,206,527,71,33,43
1,Video 1.mp4,207,528,71,34,44
1,Video 1.mp4,208,530,75,32,40
1,Video 1.mp4,209,531,76,34,40
1,Video 1.mp4,210,534,78,33,39
1,Video 1.mp4,211,524,159,32,39
1,Video 1.mp4,212,540,83,31,36
1,Video 1.mp4,213,542,80,32,41
1,Video 1.mp4,214,545,89,31,33
1,Video 1.mp4,215,547,86,32,37
1,Video 1.mp4,216,548,85,33,39
1,Video 1.mp4,217,550,88,32,37
1,Video 1.mp4,220,551,89,35,37
1,Video 1.mp4,221,551,89,35,38
1,Video 1.mp4,223,554,93,35,35
1,Video 1.mp4,224,555,87,34,41
1,Video 1.mp4,228,558,83,32,44
1,Video 1.mp4,229,555,81,33,44
1,Video 1.mp4,230,553,79,33,44
1,Video 1.mp4,231,550,78,34,43
1,Video 1.mp4,232,547,73,45,47
1,Video 1.mp4,233,545,77,33,42
1,Video 1.mp4,234,542,80,31,39
1,Video 1.mp4,235,539,68,46,50
1,Video 1.mp4,236,538,69,44,49
8,Video 1.mp4,237,166,56,5,8
1,Video 1.mp4,239,531,67,44,52
1,Video 1.mp4,243,518,67,44,56
1,Video 1.mp4,244,515,68,45,56
1,Video 1.mp4,250,516,89,31,36
1,Video 1.mp4,251,516,84,32,39
1,Video 1.mp4,252,518,79,31,41
1,Video 1.mp4,253,520,73,33,45
1,Video 1.mp4,254,521,72,32,43
1,Video 1.mp4,255,523,68,33,44
1,Video 1.mp4,256,525,63,32,46
1,Video 1.mp4,257,525,61,32,46
1,Video 1.mp4,258,527,62,31,43
1,Video 1.mp4,259,527,58,32,45
1,Video 1.mp4,260,528,58,33,44
1,Video 1.mp4,261,530,60,32,40
1,Video 1.mp4,262,531,55,32,44
1,Video 1.mp4,263,533,54,32,44
1,Video 1.mp4,264,536,50,30,47
1,Video 1.mp4,265,537,55,31,42
1,Video 1.mp4,266,538,56,32,41
1,Video 1.mp4,267,540,53,32,44
1,Video 1.mp4,268,544,56,30,41
1,Video 1.mp4,269,546,54,31,44
1,Video 1.mp4,270,548,51,31,47
1,Video 1.mp4,271,549,51,31,47
8,Video 1.mp4,271,96,61,11,12
1,Video 1.mp4,272,551,52,32,46
1,Video 1.mp4,273,553,54,32,46
1,Video 1.mp4,274,555,56,31,44
1,Video 1.mp4,275,556,58,31,44
1,Video 1.mp4,276,556,59,33,45
1,Video 1.mp4,277,557,61,33,45
1,Video 1.mp4,278,559,67,33,41
1,Video 1.mp4,279,561,66,33,44
1,Video 1.mp4,280,562,70,32,43
1,Video 1.mp4,281,564,73,32,41
1,Video 1.mp4,282,565,72,32,43
1,Video 1.mp4,283,566,73,32,43
1,Video 1.mp4,284,566,74,33,43
1,Video 1.mp4,285,566,78,33,40
8,Video 1.mp4,285,94,60,12,13
1,Video 1.mp4,286,566,78,33,41
8,Video 1.mp4,286,94,60,12,13
1,Video 1.mp4,287,565,81,33,40
8,Video 1.mp4,287,93,59,12,14
1,Video 1.mp4,288,564,81,34,41
8,Video 1.mp4,288,93,59,12,14
1,Video 1.mp4,289,563,81,33,41
8,Video 1.mp4,289,93,59,12,14
1,Video 1.mp4,290,559,81,36,42
1,Video 1.mp4,291,558,81,35,42
1,Video 1.mp4,292,555,81,36,42
1,Video 1.mp4,293,552,81,36,41
8,Video 1.mp4,293,93,59,12,14
1,Video 1.mp4,294,550,79,36,42
8,Video 1.mp4,294,95,58,10,15
1,Video 1.mp4,295,548,80,36,41
8,Video 1.mp4,295,93,59,12,13
1,Video 1.mp4,296,545,78,36,42
1,Video 1.mp4,297,543,76,36,43
1,Video 1.mp4,298,541,76,36,42
1,Video 1.mp4,299,539,75,36,43
1,Video 1.mp4,300,539,74,36,44
1,Video 1.mp4,301,537,73,36,45
1,Video 1.mp4,302,536,72,35,45
1,Video 1.mp4,303,534,73,36,44
1,Video 1.mp4,304,533,72,35,45
1,Video 1.mp4,305,531,72,36,44
1,Video 1.mp4,306,530,71,36,45
1,Video 1.mp4,307,528,70,37,46
1,Video 1.mp4,308,528,70,35,45
1,Video 1.mp4,309,527,69,36,46
1,Video 1.mp4,310,526,68,35,46
1,Video 1.mp4,311,525,68,35,46
1,Video 1.mp4,312,524,67,37,47
1,Video 1.mp4,313,524,68,37,45
1,Video 1.mp4,314,525,69,36,44
1,Video 1.mp4,315,526,67,35,44
1,Video 1.mp4,316,526,67,35,45
1,Video 1.mp4,317,525,66,36,46
1,Video 1.mp4,318,526,66,34,45
1,Video 1.mp4,319,525,66,34,45
1,Video 1.mp4,320,523,69,35,42
8,Video 1.mp4,320,119,45,8,10
1,Video 1.mp4,321,523,74,33,38
1,Video 1.mp4,322,522,74,34,38
8,Video 1.mp4,322,121,45,9,11
1,Video 1.mp4,323,520,69,37,43
1,Video 1.mp4,324,519,74,36,38
8,Video 1.mp4,324,123,45,8,11
1,Video 1.mp4,325,519,72,36,41
8,Video 1.mp4,325,123,45,9,11
1,Video 1.mp4,326,519,69,38,44
8,Video 1.mp4,326,124,45,8,11
1,Video 1.mp4,327,519,70,39,43
3,Video 1.mp4,327,448,252,42,70
8,Video 1.mp4,328,125,44,8,11
8,Video 1.mp4,329,126,43,8,11
1,Video 1.mp4,330,521,70,37,43
3,Video 1.mp4,330,452,258,42,65
8,Video 1.mp4,330,127,43,7,10
1,Video 1.mp4,331,522,75,34,38
3,Video 1.mp4,331,452,260,43,63
8,Video 1.mp4,331,127,42,8,11
1,Video 1.mp4,332,522,68,36,45
3,Video 1.mp4,332,458,262,36,62
8,Video 1.mp4,332,127,41,9,12
1,Video 1.mp4,333,523,69,36,45
3,Video 1.mp4,333,451,264,44,57
6,Video 1.mp4,333,314,221,23,33
8,Video 1.mp4,333,129,41,8,11
1,Video 1.mp4,334,523,66,33,47
8,Video 1.mp4,334,129,41,8,11
1,Video 1.mp4,335,522,67,33,45
8,Video 1.mp4,335,129,41,9,11
1,Video 1.mp4,336,523,63,32,47
1,Video 1.mp4,337,523,65,33,43
6,Video 1.mp4,337,314,218,26,50
8,Video 1.mp4,337,132,40,8,11
1,Video 1.mp4,338,523,59,34,48
6,Video 1.mp4,338,316,219,25,36
8,Video 1.mp4,338,133,41,7,10
1,Video 1.mp4,339,523,59,33,48
8,Video 1.mp4,339,133,41,8,10
1,Video 1.mp4,340,523,61,34,46
6,Video 1.mp4,340,320,219,23,35
8,Video 1.mp4,340,132,41,9,10
1,Video 1.mp4,341,523,61,34,47
6,Video 1.mp4,341,317,219,27,38
8,Video 1.mp4,341,133,41,9,10
1,Video 1.mp4,342,523,65,33,44
6,Video 1.mp4,342,319,219,25,35
1,Video 1.mp4,343,523,67,32,44
6,Video 1.mp4,343,320,219,25,37
8,Video 1.mp4,343,134,41,8,10
1,Video 1.mp4,344,522,70,33,42
6,Video 1.mp4,344,320,219,26,37
8,Video 1.mp4,344,135,42,8,9
1,Video 1.mp4,345,522,69,32,44
6,Video 1.mp4,345,320,219,26,37
8,Video 1.mp4,345,135,42,7,9
1,Video 1.mp4,346,521,69,34,44
8,Video 1.mp4,346,135,41,7,10
1,Video 1.mp4,347,522,69,31,43
1,Video 1.mp4,348,522,72,32,40
8,Video 1.mp4,348,135,40,7,9
1,Video 1.mp4,349,523,66,33,46
8,Video 1.mp4,349,134,39,7,9
1,Video 1.mp4,350,523,68,33,44
8,Video 1.mp4,350,133,39,8,9
1,Video 1.mp4,351,523,71,33,42
8,Video 1.mp4,351,133,38,8,10
1,Video 1.mp4,352,523,70,33,43
8,Video 1.mp4,352,133,38,8,10
1,Video 1.mp4,353,522,72,34,41
8,Video 1.mp4,353,132,37,9,12
1,Video 1.mp4,354,522,73,33,40
1,Video 1.mp4,355,520,72,34,42
1,Video 1.mp4,356,519,70,32,43
1,Video 1.mp4,357,517,71,33,42
1,Video 1.mp4,358,516,75,34,39
1,Video 1.mp4,359,514,72,37,41
1,Video 1.mp4,360,511,71,40,41
1,Video 1.mp4,361,512,70,38,42
1,Video 1.mp4,362,510,72,39,39
1,Video 1.mp4,363,509,72,38,38
1,Video 1.mp4,364,509,71,37,39
1,Video 1.mp4,365,509,71,38,38
1,Video 1.mp4,366,508,70,38,39
1,Video 1.mp4,367,508,67,42,42
1,Video 1.mp4,368,508,68,41,40
1,Video 1.mp4,369,509,63,43,45
1,Video 1.mp4,370,508,64,44,44
1,Video 1.mp4,371,509,65,43,43
1,Video 1.mp4,372,509,64,43,44
1,Video 1.mp4,373,508,65,41,42
1,Video 1.mp4,374,509,65,42,42
1,Video 1.mp4,375,510,66,39,41
1,Video 1.mp4,376,510,66,39,41
1,Video 1.mp4,377,511,66,37,40
1,Video 1.mp4,378,512,68,35,38
1,Video 1.mp4,379,512,66,37,41
1,Video 1.mp4,380,513,64,39,43
1,Video 1.mp4,381,515,65,38,42
1,Video 1.mp4,382,516,64,37,43
6,Video 1.mp4,382,365,264,20,24
1,Video 1.mp4,383,516,65,38,42
1,Video 1.mp4,384,517,66,38,41
1,Video 1.mp4,385,517,60,39,48
1,Video 1.mp4,386,518,62,39,46
1,Video 1.mp4,387,520,59,39,49
1,Video 1.mp4,388,525,61,38,47
1,Video 1.mp4,389,527,63,36,44
1,Video 1.mp4,390,530,62,36,45
1,Video 1.mp4,391,534,64,35,43
1,Video 1.mp4,392,537,62,35,46
1,Video 1.mp4,393,541,64,35,44
1,Video 1.mp4,394,545,62,34,46
1,Video 1.mp4,395,550,66,33,43
1,Video 1.mp4,396,553,65,34,44
1,Video 1.mp4,397,556,66,33,44
1,Video 1.mp4,398,559,69,34,42
1,Video 1.mp4,399,561,71,33,40
1,Video 1.mp4,400,563,72,33,41
1,Video 1.mp4,401,564,72,31,41
1,Video 1.mp4,402,567,74,31,40
1,Video 1.mp4,403,568,77,29,37
1,Video 1.mp4,404,569,74,28,40
1,Video 1.mp4,405,569,73,31,40
1,Video 1.mp4,406,570,75,27,39
1,Video 1.mp4,408,568,74,29,38
1,Video 1.mp4,409,568,72,29,39
1,Video 1.mp4,410,566,71,30,39
1,Video 1.mp4,411,566,69,29,41
1,Video 1.mp4,412,565,69,28,40
1,Video 1.mp4,413,562,63,30,46
1,Video 1.mp4,414,560,61,30,46
1,Video 1.mp4,415,558,57,32,50
1,Video 1.mp4,416,556,54,32,52
1,Video 1.mp4,417,553,52,33,52
1,Video 1.mp4,418,551,51,33,51
1,Video 1.mp4,419,548,50,34,52
1,Video 1.mp4,420,545,48,35,52
1,Video 1.mp4,421,542,48,32,52
1,Video 1.mp4,422,539,48,32,51
1,Video 1.mp4,423,535,48,34,52
1,Video 1.mp4,424,532,47,34,54
1,Video 1.mp4,425,529,47,35,54
1,Video 1.mp4,426,527,48,34,53
3,Video 1.mp4,426,457,256,38,58
1,Video 1.mp4,427,525,49,34,52
3,Video 1.mp4,427,445,254,50,55
1,Video 1.mp4,428,523,49,34,51
3,Video 1.mp4,428,471,254,29,48
1,Video 1.mp4,429,520,46,36,53
1,Video 1.mp4,430,519,49,34,50
1,Video 1.mp4,431,517,48,35,51
1,Video 1.mp4,432,516,51,35,48
3,Video 1.mp4,432,313,218,20,14
1,Video 1.mp4,433,515,52,34,48
3,Video 1.mp4,433,313,209,20,23
1,Video 1.mp4,434,513,51,35,49
6,Video 1.mp4,434,309,193,26,39
1,Video 1.mp4,435,512,49,35,51
3,Video 1.mp4,435,310,195,24,37
1,Video 1.mp4,436,512,52,36,49
1,Video 1.mp4,437,511,51,35,51
1,Video 1.mp4,438,510,52,36,51
1,Video 1.mp4,439,509,53,37,51
1,Video 1.mp4,440,508,56,36,49
1,Video 1.mp4,441,507,53,36,52
1,Video 1.mp4,442,507,55,36,51
1,Video 1.mp4,443,506,56,36,51
1,Video 1.mp4,444,505,60,35,49
1,Video 1.mp4,445,504,61,36,49
1,Video 1.mp4,446,503,65,35,46
1,Video 1.mp4,447,503,65,35,47
3,Video 1.mp4,447,305,193,27,40
1,Video 1.mp4,448,503,66,35,46
3,Video 1.mp4,448,303,192,29,50
1,Video 1.mp4,449,503,66,36,47
1,Video 1.mp4,450,503,66,36,47
1,Video 1.mp4,451,503,66,36,48
3,Video 1.mp4,451,310,197,22,40
1,Video 1.mp4,452,504,68,36,46
3,Video 1.mp4,452,309,202,22,37
1,Video 1.mp4,453,505,68,36,46
6,Video 1.mp4,453,310,208,18,34
1,Video 1.mp4,454,505,66,35,48
1,Video 1.mp4,455,505,66,37,48
6,Video 1.mp4,455,308,212,20,33
1,Video 1.mp4,456,507,66,37,48
1,Video 1.mp4,457,508,65,37,49
1,Video 1.mp4,458,510,64,36,51
3,Video 1.mp4,458,398,197,32,51
1,Video 1.mp4,459,512,65,36,50
1,Video 1.mp4,460,512,63,37,53
1,Video 1.mp4,461,514,67,37,49
1,Video 1.mp4,462,516,65,37,51
1,Video 1.mp4,463,519,69,37,49
3,Video 1.mp4,463,350,229,7,10
1,Video 1.mp4,464,520,67,39,52
3,Video 1.mp4,464,362,243,38,56
1,Video 1.mp4,465,522,66,40,54
1,Video 1.mp4,466,526,69,37,51
1,Video 1.mp4,467,528,71,36,50
1,Video 1.mp4,468,530,75,36,48
1,Video 1.mp4,469,530,75,38,49
1,Video 1.mp4,470,532,77,36,47
1,Video 1.mp4,471,533,77,36,48
1,Video 1.mp4,472,534,79,36,46
2,Video 1.mp4,472,327,238,4,5
1,Video 1.mp4,473,534,78,36,46
1,Video 1.mp4,474,534,78,37,45
1,Video 1.mp4,475,534,76,37,46
1,Video 1.mp4,476,535,76,35,45
2,Video 1.mp4,476,231,279,21,18
1,Video 1.mp4,477,535,75,35,45
2,Video 1.mp4,477,230,280,21,19
1,Video 1.mp4,478,535,73,34,45
3,Video 1.mp4,478,229,283,22,18
1,Video 1.mp4,479,534,72,34,44
3,Video 1.mp4,479,228,285,22,19
1,Video 1.mp4,480,533,69,34,46
3,Video 1.mp4,480,227,284,22,20
2,Video 1.mp4,480,327,237,4,6
1,Video 1.mp4,481,533,67,32,47
3,Video 1.mp4,481,227,285,22,20
1,Video 1.mp4,482,532,67,33,44
1,Video 1.mp4,483,530,64,33,45
1,Video 1.mp4,484,529,64,32,43
1,Video 1.mp4,485,527,63,32,43
1,Video 1.mp4,486,524,63,31,41
1,Video 1.mp4,487,521,60,32,43
3,Video 1.mp4,487,358,384,20,38
1,Video 1.mp4,488,520,62,30,41
1,Video 1.mp4,489,517,61,30,41
1,Video 1.mp4,490,515,62,31,40
1,Video 1.mp4,491,513,59,31,42
1,Video 1.mp4,492,512,59,31,40
1,Video 1.mp4,493,511,57,30,41
1,Video 2.mp4,0,586,60,17,31
14,Video 2.mp4,0,152,387,48,41
1,Video 2.mp4,1,581,55,21,34
14,Video 2.mp4,1,152,391,47,37
1,Video 2.mp4,2,578,53,19,33
14,Video 2.mp4,2,152,396,45,32
1,Video 2.mp4,3,573,119,22,34
3,Video 2.mp4,3,127,251,66,62
1,Video 2.mp4,4,568,116,23,34
3,Video 2.mp4,4,127,252,74,64
1,Video 2.mp4,5,563,47,19,33
3,Video 2.mp4,5,129,254,70,66
1,Video 2.mp4,6,557,45,20,33
3,Video 2.mp4,6,133,262,68,58
1,Video 2.mp4,7,554,43,18,32
3,Video 2.mp4,7,136,266,66,58
1,Video 2.mp4,8,551,114,26,30
3,Video 2.mp4,8,135,255,71,70
1,Video 2.mp4,9,549,104,25,37
3,Video 2.mp4,9,138,251,74,76
1,Video 2.mp4,10,537,41,19,31
3,Video 2.mp4,10,144,259,71,70
1,Video 2.mp4,11,540,101,23,35
3,Video 2.mp4,11,151,261,67,69
1,Video 2.mp4,12,534,100,26,35
3,Video 2.mp4,12,154,261,66,68
20,Video 2.mp4,12,523,37,22,34
1,Video 2.mp4,13,530,97,26,38
20,Video 2.mp4,13,519,36,21,34
1,Video 2.mp4,14,524,96,27,38
20,Video 2.mp4,14,515,35,20,32
1,Video 2.mp4,15,510,33,20,33
20,Video 2.mp4,15,511,34,22,31
1,Video 2.mp4,16,512,96,27,37
3,Video 2.mp4,16,178,266,67,70
20,Video 2.mp4,16,505,32,19,32
1,Video 2.mp4,17,508,95,25,32
20,Video 2.mp4,17,499,30,20,32
1,Video 2.mp4,18,505,91,25,33
20,Video 2.mp4,18,494,28,21,32
1,Video 2.mp4,19,482,24,28,36
20,Video 2.mp4,19,484,22,24,37
20,Video 2.mp4,20,483,25,22,32
20,Video 2.mp4,21,480,24,22,32
20,Video 2.mp4,22,479,23,20,32
20,Video 2.mp4,23,472,22,22,33
20,Video 2.mp4,24,470,21,20,32
20,Video 2.mp4,25,463,21,22,31
20,Video 2.mp4,26,461,19,19,34
20,Video 2.mp4,27,454,20,22,32
20,Video 2.mp4,28,451,20,21,32
20,Video 2.mp4,29,447,20,21,33
20,Video 2.mp4,30,443,20,21,34
22,Video 2.mp4,30,436,101,19,30
20,Video 2.mp4,31,439,20,21,34
22,Video 2.mp4,31,431,100,21,31
22,Video 2.mp4,33,425,93,19,32
22,Video 2.mp4,35,415,92,23,36
22,Video 2.mp4,36,410,92,23,35
22,Video 2.mp4,37,407,91,23,37
22,Video 2.mp4,38,403,91,24,36
22,Video 2.mp4,39,399,91,23,36
22,Video 2.mp4,40,395,90,22,36
22,Video 2.mp4,41,391,90,23,37
22,Video 2.mp4,42,386,93,24,33
22,Video 2.mp4,43,383,98,22,29
22,Video 2.mp4,44,379,97,22,32
22,Video 2.mp4,45,375,97,22,32
22,Video 2.mp4,46,370,98,21,30
22,Video 2.mp4,47,365,97,22,30
22,Video 2.mp4,48,360,92,23,33
22,Video 2.mp4,49,356,92,22,31
20,Video 2.mp4,50,357,17,20,35
22,Video 2.mp4,50,352,93,23,29
20,Video 2.mp4,51,350,18,23,30
22,Video 2.mp4,51,346,92,23,33
20,Video 2.mp4,52,346,17,22,35
22,Video 2.mp4,52,343,89,22,33
20,Video 2.mp4,53,344,17,20,33
22,Video 2.mp4,53,340,90,22,33
20,Video 2.mp4,54,339,18,21,33
22,Video 2.mp4,54,336,90,24,31
20,Video 2.mp4,55,335,18,22,32
22,Video 2.mp4,55,335,89,23,32
3,Video 2.mp4,56,138,223,36,49
20,Video 2.mp4,56,335,19,20,32
22,Video 2.mp4,56,333,88,22,32
20,Video 2.mp4,57,331,19,20,32
22,Video 2.mp4,57,329,88,25,32
20,Video 2.mp4,58,327,18,22,33
22,Video 2.mp4,58,327,87,26,34
20,Video 2.mp4,59,324,19,22,33
22,Video 2.mp4,59,325,85,26,36
20,Video 2.mp4,60,323,19,21,34
22,Video 2.mp4,60,323,85,27,36
20,Video 2.mp4,61,319,20,23,33
22,Video 2.mp4,61,322,84,27,37
20,Video 2.mp4,62,316,20,23,34
22,Video 2.mp4,62,321,87,28,34
20,Video 2.mp4,63,315,21,22,34
22,Video 2.mp4,63,321,86,26,35
20,Video 2.mp4,64,314,22,22,32
22,Video 2.mp4,64,318,83,28,38
20,Video 2.mp4,65,312,22,22,33
22,Video 2.mp4,65,318,84,28,37
20,Video 2.mp4,66,309,23,23,33
22,Video 2.mp4,66,317,82,28,38
20,Video 2.mp4,67,316,87,25,33
22,Video 2.mp4,67,317,86,29,33
20,Video 2.mp4,68,304,23,26,34
22,Video 2.mp4,68,315,84,29,36
20,Video 2.mp4,69,315,88,26,32
22,Video 2.mp4,69,316,86,29,34
20,Video 2.mp4,70,314,87,26,33
22,Video 2.mp4,70,315,86,29,35
20,Video 2.mp4,71,314,85,26,37
22,Video 2.mp4,71,315,86,29,34
20,Video 2.mp4,72,313,85,26,37
22,Video 2.mp4,72,314,85,29,35
20,Video 2.mp4,73,313,86,24,35
22,Video 2.mp4,73,314,86,29,35
20,Video 2.mp4,74,297,28,26,34
22,Video 2.mp4,74,312,85,29,36
20,Video 2.mp4,75,313,85,24,36
22,Video 2.mp4,75,314,80,30,41
20,Video 2.mp4,76,295,29,25,31
22,Video 2.mp4,76,314,84,27,37
20,Video 2.mp4,77,294,29,25,33
22,Video 2.mp4,77,314,84,27,36
20,Video 2.mp4,78,293,29,24,36
22,Video 2.mp4,78,313,82,28,38
20,Video 2.mp4,79,291,30,24,32
22,Video 2.mp4,79,313,84,29,36
20,Video 2.mp4,80,289,30,25,38
22,Video 2.mp4,80,313,81,29,40
20,Video 2.mp4,81,288,31,24,37
22,Video 2.mp4,81,313,85,28,35
20,Video 2.mp4,82,286,32,24,37
22,Video 2.mp4,82,313,85,28,35
20,Video 2.mp4,83,284,33,24,37
22,Video 2.mp4,83,313,87,28,34
20,Video 2.mp4,84,282,34,24,37
22,Video 2.mp4,84,314,86,27,35
20,Video 2.mp4,85,279,36,24,38
22,Video 2.mp4,85,314,83,28,38
20,Video 2.mp4,86,276,37,24,39
22,Video 2.mp4,86,314,84,28,37
20,Video 2.mp4,87,272,39,26,38
22,Video 2.mp4,87,314,82,28,39
20,Video 2.mp4,88,269,40,26,38
22,Video 2.mp4,88,315,84,27,37
20,Video 2.mp4,89,265,41,26,38
22,Video 2.mp4,89,317,82,25,39
20,Video 2.mp4,90,262,42,25,39
22,Video 2.mp4,90,317,85,26,36
20,Video 2.mp4,91,257,42,28,40
22,Video 2.mp4,91,318,85,26,35
20,Video 2.mp4,92,255,43,27,40
22,Video 2.mp4,92,319,85,26,35
20,Video 2.mp4,93,253,44,26,39
22,Video 2.mp4,93,320,86,25,34
20,Video 2.mp4,94,249,46,28,39
22,Video 2.mp4,94,321,86,26,34
20,Video 2.mp4,95,247,47,27,39
22,Video 2.mp4,95,322,86,26,35
20,Video 2.mp4,96,245,48,27,40
22,Video 2.mp4,96,326,89,24,32
20,Video 2.mp4,97,243,50,27,39
22,Video 2.mp4,97,328,92,23,29
20,Video 2.mp4,98,242,52,27,39
22,Video 2.mp4,98,332,95,20,26
20,Video 2.mp4,99,241,53,27,40
22,Video 2.mp4,99,334,90,20,31
20,Video 2.mp4,100,240,54,27,39
22,Video 2.mp4,100,335,92,21,29
20,Video 2.mp4,101,239,56,27,38
22,Video 2.mp4,101,337,92,21,29
20,Video 2.mp4,102,238,56,28,39
22,Video 2.mp4,102,339,92,21,29
20,Video 2.mp4,103,238,57,27,38
22,Video 2.mp4,103,341,90,22,31
20,Video 2.mp4,104,237,57,28,39
22,Video 2.mp4,104,342,91,24,29
20,Video 2.mp4,105,237,58,28,40
22,Video 2.mp4,105,344,91,24,29
20,Video 2.mp4,106,237,59,29,39
22,Video 2.mp4,106,345,89,25,30
20,Video 2.mp4,107,237,59,29,40
22,Video 2.mp4,107,347,87,26,31
20,Video 2.mp4,108,237,60,29,39
22,Video 2.mp4,108,349,87,25,31
20,Video 2.mp4,109,237,60,29,39
22,Video 2.mp4,109,351,87,24,31
20,Video 2.mp4,110,237,61,29,38
22,Video 2.mp4,110,353,86,24,32
20,Video 2.mp4,111,237,61,29,40
22,Video 2.mp4,111,356,88,22,30
20,Video 2.mp4,112,237,61,29,39
22,Video 2.mp4,112,357,87,22,31
20,Video 2.mp4,113,237,62,29,39
22,Video 2.mp4,113,357,87,22,31
20,Video 2.mp4,114,237,62,29,39
22,Video 2.mp4,114,359,85,22,32
20,Video 2.mp4,115,237,62,29,39
22,Video 2.mp4,115,360,85,22,32
20,Video 2.mp4,116,237,62,29,39
22,Video 2.mp4,116,360,85,20,30
20,Video 2.mp4,117,236,61,30,39
22,Video 2.mp4,117,360,83,21,31
20,Video 2.mp4,118,236,61,30,40
22,Video 2.mp4,118,361,82,20,31
20,Video 2.mp4,119,237,61,29,40
22,Video 2.mp4,119,360,82,20,30
20,Video 2.mp4,120,237,61,29,40
22,Video 2.mp4,120,359,81,21,31
20,Video 2.mp4,121,237,62,29,39
22,Video 2.mp4,121,359,81,21,30
20,Video 2.mp4,122,237,61,29,40
22,Video 2.mp4,122,359,80,20,31
20,Video 2.mp4,123,237,61,30,40
22,Video 2.mp4,123,356,80,21,31
20,Video 2.mp4,124,238,61,29,39
22,Video 2.mp4,124,357,81,18,30
20,Video 2.mp4,125,237,61,30,39
22,Video 2.mp4,125,355,80,21,31
20,Video 2.mp4,126,238,61,30,39
22,Video 2.mp4,126,354,80,20,32
20,Video 2.mp4,127,239,61,30,39
22,Video 2.mp4,127,352,82,20,30
20,Video 2.mp4,128,240,61,29,38
22,Video 2.mp4,128,351,81,20,31
20,Video 2.mp4,129,241,60,29,37
22,Video 2.mp4,129,349,79,21,33
20,Video 2.mp4,130,242,59,29,39
22,Video 2.mp4,130,347,81,20,31
20,Video 2.mp4,131,243,58,29,39
22,Video 2.mp4,131,345,80,22,32
20,Video 2.mp4,132,245,58,28,38
22,Video 2.mp4,132,343,80,21,32
20,Video 2.mp4,133,247,57,28,37
22,Video 2.mp4,133,342,81,21,32
20,Video 2.mp4,134,247,55,29,37
22,Video 2.mp4,134,341,81,20,32
20,Video 2.mp4,135,249,54,28,39
22,Video 2.mp4,135,338,82,21,32
20,Video 2.mp4,136,250,53,29,39
22,Video 2.mp4,136,336,83,22,32
20,Video 2.mp4,137,251,52,29,37
22,Video 2.mp4,137,335,84,22,33
20,Video 2.mp4,138,254,51,28,39
22,Video 2.mp4,138,332,86,23,32
20,Video 2.mp4,139,255,51,28,39
22,Video 2.mp4,139,331,88,20,30
20,Video 2.mp4,140,257,50,27,39
22,Video 2.mp4,140,330,88,21,31
20,Video 2.mp4,141,259,50,28,39
22,Video 2.mp4,141,328,89,21,30
20,Video 2.mp4,142,259,49,28,38
22,Video 2.mp4,142,322,89,26,31
20,Video 2.mp4,143,261,49,28,39
22,Video 2.mp4,143,327,89,19,30
20,Video 2.mp4,144,262,48,27,39
22,Video 2.mp4,144,324,88,20,31
20,Video 2.mp4,145,262,48,28,39
22,Video 2.mp4,145,321,88,22,31
20,Video 2.mp4,146,263,48,28,39
22,Video 2.mp4,146,318,89,25,31
20,Video 2.mp4,147,263,49,28,38
22,Video 2.mp4,147,321,90,20,31
20,Video 2.mp4,148,264,49,28,38
22,Video 2.mp4,148,320,92,20,30
20,Video 2.mp4,149,264,49,28,38
22,Video 2.mp4,149,320,93,18,29
20,Video 2.mp4,150,264,48,28,38
22,Video 2.mp4,150,320,94,21,29
20,Video 2.mp4,151,264,48,28,38
20,Video 2.mp4,152,264,48,28,38
3,Video 2.mp4,153,180,198,49,68
20,Video 2.mp4,153,264,47,28,40
3,Video 2.mp4,154,180,206,49,63
20,Video 2.mp4,154,265,47,27,40
3,Video 2.mp4,155,182,211,48,58
20,Video 2.mp4,155,264,46,28,40
3,Video 2.mp4,156,184,213,47,63
20,Video 2.mp4,156,265,46,27,41
20,Video 2.mp4,157,264,46,28,41
20,Video 2.mp4,158,264,46,28,40
3,Video 2.mp4,159,188,220,44,59
20,Video 2.mp4,159,263,46,29,42
20,Video 2.mp4,160,263,47,28,41
20,Video 2.mp4,161,263,48,28,39
3,Video 2.mp4,162,190,225,42,61
20,Video 2.mp4,162,261,48,29,39
22,Video 2.mp4,162,317,97,19,27
20,Video 2.mp4,163,261,49,29,39
22,Video 2.mp4,163,318,99,18,25
20,Video 2.mp4,164,261,49,28,40
22,Video 2.mp4,164,318,99,18,25
20,Video 2.mp4,165,260,50,28,39
22,Video 2.mp4,165,318,98,18,26
3,Video 2.mp4,166,191,225,43,68
20,Video 2.mp4,166,259,51,29,38
22,Video 2.mp4,166,317,97,19,27
3,Video 2.mp4,167,189,221,46,72
20,Video 2.mp4,167,258,52,29,39
22,Video 2.mp4,167,317,96,19,28
20,Video 2.mp4,168,258,52,29,39
22,Video 2.mp4,168,317,95,19,29
20,Video 2.mp4,169,257,52,29,39
22,Video 2.mp4,169,317,94,18,29
20,Video 2.mp4,170,257,53,29,38
22,Video 2.mp4,170,317,95,19,29
20,Video 2.mp4,171,256,54,29,37
22,Video 2.mp4,171,317,94,18,28
20,Video 2.mp4,172,256,54,28,37
22,Video 2.mp4,172,317,94,17,29
20,Video 2.mp4,173,255,54,28,38
22,Video 2.mp4,173,317,94,18,29
20,Video 2.mp4,174,254,55,29,37
22,Video 2.mp4,174,317,94,19,29
20,Video 2.mp4,175,254,55,28,38
22,Video 2.mp4,175,317,94,19,29
20,Video 2.mp4,176,254,56,28,37
22,Video 2.mp4,176,317,94,19,29
20,Video 2.mp4,177,253,57,28,35
22,Video 2.mp4,177,317,95,18,28
20,Video 2.mp4,178,253,57,27,36
22,Video 2.mp4,178,317,95,18,28
20,Video 2.mp4,179,253,57,27,37
22,Video 2.mp4,179,317,94,18,30
20,Video 2.mp4,180,253,58,27,36
22,Video 2.mp4,180,317,95,19,28
20,Video 2.mp4,181,253,58,27,35
22,Video 2.mp4,181,317,95,18,28
20,Video 2.mp4,182,253,58,27,35
22,Video 2.mp4,182,317,95,18,28
20,Video 2.mp4,183,253,58,27,35
22,Video 2.mp4,183,317,95,19,28
20,Video 2.mp4,184,255,58,26,33
22,Video 2.mp4,184,317,95,19,28
20,Video 2.mp4,185,254,57,27,36
22,Video 2.mp4,185,318,95,18,28
20,Video 2.mp4,186,254,57,28,36
22,Video 2.mp4,186,318,95,18,28
20,Video 2.mp4,187,254,57,28,37
22,Video 2.mp4,187,318,95,19,28
20,Video 2.mp4,188,254,56,28,37
22,Video 2.mp4,188,317,95,20,28
20,Video 2.mp4,189,254,56,28,37
22,Video 2.mp4,189,317,95,19,28
20,Video 2.mp4,190,254,56,29,37
22,Video 2.mp4,190,317,95,20,28
20,Video 2.mp4,191,254,56,29,37
22,Video 2.mp4,191,317,95,20,28
20,Video 2.mp4,192,254,56,29,38
22,Video 2.mp4,192,317,95,19,29
20,Video 2.mp4,193,254,56,29,38
22,Video 2.mp4,193,317,95,19,29
20,Video 2.mp4,194,254,56,29,38
22,Video 2.mp4,194,318,96,19,28
20,Video 2.mp4,195,255,56,28,38
22,Video 2.mp4,195,318,95,19,29
20,Video 2.mp4,196,255,56,29,38
22,Video 2.mp4,196,318,95,20,29
20,Video 2.mp4,197,255,56,29,38
22,Video 2.mp4,197,318,95,20,29
20,Video 2.mp4,198,255,55,29,38
22,Video 2.mp4,198,317,94,21,30
20,Video 2.mp4,199,255,55,29,38
22,Video 2.mp4,199,316,94,22,30
20,Video 2.mp4,200,256,55,29,38
22,Video 2.mp4,200,316,93,23,31
20,Video 2.mp4,201,255,55,30,38
22,Video 2.mp4,201,317,91,22,33
20,Video 2.mp4,202,255,55,30,38
22,Video 2.mp4,202,317,92,21,32
20,Video 2.mp4,203,255,55,30,38
22,Video 2.mp4,203,317,91,22,32
20,Video 2.mp4,204,256,55,29,38
22,Video 2.mp4,204,317,91,23,32
20,Video 2.mp4,205,256,55,29,38
22,Video 2.mp4,205,316,90,24,33
20,Video 2.mp4,206,256,55,29,38
22,Video 2.mp4,206,318,91,22,32
20,Video 2.mp4,207,256,55,29,38
22,Video 2.mp4,207,317,93,23,30
20,Video 2.mp4,208,256,54,29,39
22,Video 2.mp4,208,317,91,23,32
20,Video 2.mp4,209,255,54,30,39
22,Video 2.mp4,209,317,91,23,31
20,Video 2.mp4,210,256,54,29,39
22,Video 2.mp4,210,317,90,23,32
20,Video 2.mp4,211,255,54,30,38
22,Video 2.mp4,211,317,91,22,31
20,Video 2.mp4,212,255,54,30,39
22,Video 2.mp4,212,316,92,23,30
20,Video 2.mp4,213,255,54,29,39
22,Video 2.mp4,213,316,91,24,30
20,Video 2.mp4,214,255,54,29,38
22,Video 2.mp4,214,316,92,24,29
20,Video 2.mp4,215,255,54,29,37
22,Video 2.mp4,215,316,92,24,29
20,Video 2.mp4,216,255,54,29,38
22,Video 2.mp4,216,315,92,24,29
20,Video 2.mp4,217,255,54,29,38
22,Video 2.mp4,217,316,90,23,31
20,Video 2.mp4,218,255,54,29,38
22,Video 2.mp4,218,316,91,23,31
3,Video 2.mp4,219,274,211,10,13
20,Video 2.mp4,219,255,54,29,38
22,Video 2.mp4,219,316,91,23,31
20,Video 2.mp4,220,254,54,29,38
22,Video 2.mp4,220,315,91,24,31
20,Video 2.mp4,221,255,54,29,39
22,Video 2.mp4,221,316,92,23,30
20,Video 2.mp4,222,255,54,29,39
22,Video 2.mp4,222,316,92,23,30
20,Video 2.mp4,223,255,54,28,38
22,Video 2.mp4,223,315,90,24,32
20,Video 2.mp4,224,254,54,29,38
22,Video 2.mp4,224,316,91,23,30
20,Video 2.mp4,225,254,54,29,38
22,Video 2.mp4,225,315,91,24,30
20,Video 2.mp4,226,254,54,29,36
22,Video 2.mp4,226,314,90,25,31
20,Video 2.mp4,227,254,53,29,38
22,Video 2.mp4,227,314,90,26,31
20,Video 2.mp4,228,254,54,29,37
22,Video 2.mp4,228,314,90,25,31
20,Video 2.mp4,229,254,54,29,38
22,Video 2.mp4,229,314,91,25,30
20,Video 2.mp4,230,254,54,29,38
22,Video 2.mp4,230,315,91,23,30
20,Video 2.mp4,231,254,54,28,37
22,Video 2.mp4,231,315,91,23,30
20,Video 2.mp4,232,255,54,27,38
22,Video 2.mp4,232,315,91,23,30
20,Video 2.mp4,233,254,53,29,37
22,Video 2.mp4,233,315,91,23,30
20,Video 2.mp4,234,254,54,28,38
22,Video 2.mp4,234,315,91,23,30
20,Video 2.mp4,235,255,54,28,37
22,Video 2.mp4,235,314,91,24,30
20,Video 2.mp4,236,255,54,28,38
22,Video 2.mp4,236,312,91,26,30
20,Video 2.mp4,237,255,53,28,38
22,Video 2.mp4,237,312,91,26,30
20,Video 2.mp4,238,255,53,28,38
22,Video 2.mp4,238,313,91,25,30
20,Video 2.mp4,239,255,53,28,38
22,Video 2.mp4,239,312,91,26,30
20,Video 2.mp4,240,255,52,28,39
22,Video 2.mp4,240,312,89,26,32
20,Video 2.mp4,241,255,52,29,40
22,Video 2.mp4,241,312,90,26,31
20,Video 2.mp4,242,255,52,28,39
22,Video 2.mp4,242,312,90,26,31
20,Video 2.mp4,243,256,52,28,40
22,Video 2.mp4,243,312,90,26,31
20,Video 2.mp4,244,255,52,29,39
22,Video 2.mp4,244,312,90,26,31
20,Video 2.mp4,245,256,53,29,38
22,Video 2.mp4,245,312,90,26,31
20,Video 2.mp4,246,256,53,28,39
22,Video 2.mp4,246,312,90,26,31
20,Video 2.mp4,247,256,52,29,40
22,Video 2.mp4,247,313,91,25,30
20,Video 2.mp4,248,256,52,29,40
22,Video 2.mp4,248,313,91,26,29
20,Video 2.mp4,249,256,52,29,40
22,Video 2.mp4,249,313,91,25,29
20,Video 2.mp4,250,257,52,29,41
22,Video 2.mp4,250,315,91,24,29
20,Video 2.mp4,251,257,52,28,40
22,Video 2.mp4,251,314,89,27,31
20,Video 2.mp4,252,257,51,29,41
22,Video 2.mp4,252,314,89,26,31
20,Video 2.mp4,253,257,51,29,41
22,Video 2.mp4,253,314,88,27,32
20,Video 2.mp4,254,257,51,29,41
22,Video 2.mp4,254,314,88,28,32
20,Video 2.mp4,255,257,51,29,41
22,Video 2.mp4,255,314,88,28,32
20,Video 2.mp4,256,258,51,28,41
22,Video 2.mp4,256,314,88,28,32
20,Video 2.mp4,257,257,51,28,40
22,Video 2.mp4,257,314,88,28,32
20,Video 2.mp4,258,257,51,28,41
22,Video 2.mp4,258,315,88,27,32
20,Video 2.mp4,259,257,52,29,41
22,Video 2.mp4,259,315,88,27,31
20,Video 2.mp4,260,257,52,29,41
22,Video 2.mp4,260,316,88,27,32
20,Video 2.mp4,261,257,52,29,41
22,Video 2.mp4,261,317,88,26,31
20,Video 2.mp4,262,257,52,29,41
22,Video 2.mp4,262,318,90,24,30
20,Video 2.mp4,263,258,52,28,40
22,Video 2.mp4,263,318,90,25,30
20,Video 2.mp4,264,258,52,29,40
22,Video 2.mp4,264,317,89,26,31
3,Video 2.mp4,265,156,196,51,58
20,Video 2.mp4,265,258,52,29,40
22,Video 2.mp4,265,317,89,26,31
3,Video 2.mp4,266,176,214,26,39
20,Video 2.mp4,266,258,51,29,40
22,Video 2.mp4,266,316,89,27,31
3,Video 2.mp4,267,161,200,44,55
20,Video 2.mp4,267,257,51,29,40
22,Video 2.mp4,267,316,88,27,32
3,Video 2.mp4,268,162,200,45,56
20,Video 2.mp4,268,257,52,30,40
22,Video 2.mp4,268,316,88,27,32
3,Video 2.mp4,269,157,202,52,56
20,Video 2.mp4,269,257,52,30,41
22,Video 2.mp4,269,316,88,27,32
20,Video 2.mp4,270,258,52,29,39
22,Video 2.mp4,270,317,89,26,31
3,Video 2.mp4,271,169,203,46,58
20,Video 2.mp4,271,258,52,29,39
22,Video 2.mp4,271,318,89,25,31
20,Video 2.mp4,272,258,52,29,39
22,Video 2.mp4,272,317,89,27,31
27,Video 2.mp4,272,218,66,16,18
3,Video 2.mp4,273,179,206,43,60
20,Video 2.mp4,273,258,52,29,39
22,Video 2.mp4,273,317,91,27,29
27,Video 2.mp4,273,223,63,15,20
20,Video 2.mp4,274,258,52,29,39
22,Video 2.mp4,274,317,90,27,30
27,Video 2.mp4,274,226,63,16,18
20,Video 2.mp4,275,258,52,30,40
22,Video 2.mp4,275,318,91,26,29
27,Video 2.mp4,275,231,63,16,18
20,Video 2.mp4,276,258,52,30,41
22,Video 2.mp4,276,320,92,24,28
27,Video 2.mp4,276,234,62,18,19
20,Video 2.mp4,277,258,52,30,41
22,Video 2.mp4,277,322,92,22,28
27,Video 2.mp4,277,239,59,17,22
20,Video 2.mp4,278,258,52,29,39
22,Video 2.mp4,278,319,91,25,29
27,Video 2.mp4,278,243,57,19,25
20,Video 2.mp4,279,258,52,30,40
22,Video 2.mp4,279,323,91,20,28
20,Video 2.mp4,280,258,52,30,40
22,Video 2.mp4,280,324,91,20,28
20,Video 2.mp4,281,258,52,30,40
22,Video 2.mp4,281,323,91,20,28
20,Video 2.mp4,282,258,52,30,40
22,Video 2.mp4,282,323,91,21,27
20,Video 2.mp4,283,259,52,29,40
22,Video 2.mp4,283,323,91,21,28
20,Video 2.mp4,284,258,52,30,40
22,Video 2.mp4,284,321,89,23,29
3,Video 2.mp4,285,184,237,45,70
20,Video 2.mp4,285,258,53,30,39
22,Video 2.mp4,285,321,89,23,29
20,Video 2.mp4,286,258,53,30,39
22,Video 2.mp4,286,323,88,22,30
20,Video 2.mp4,287,258,53,30,39
22,Video 2.mp4,287,323,87,23,31
20,Video 2.mp4,288,258,53,30,39
22,Video 2.mp4,288,319,83,28,35
27,Video 2.mp4,288,259,51,27,39
20,Video 2.mp4,289,259,53,29,39
22,Video 2.mp4,289,320,84,26,33
20,Video 2.mp4,290,258,52,30,39
22,Video 2.mp4,290,323,86,22,31
27,Video 2.mp4,290,259,52,27,37
20,Video 2.mp4,291,258,52,30,40
22,Video 2.mp4,291,321,87,22,29
20,Video 2.mp4,292,258,52,30,40
22,Video 2.mp4,292,317,85,24,32
20,Video 2.mp4,293,258,52,30,40
22,Video 2.mp4,293,318,86,22,30
20,Video 2.mp4,294,258,51,30,40
22,Video 2.mp4,294,317,84,22,32
20,Video 2.mp4,295,259,51,29,40
22,Video 2.mp4,295,317,85,22,31
20,Video 2.mp4,296,259,51,29,40
22,Video 2.mp4,296,317,84,22,32
27,Video 2.mp4,296,205,58,18,27
20,Video 2.mp4,297,259,51,29,40
22,Video 2.mp4,297,319,86,19,30
27,Video 2.mp4,297,210,57,16,27
20,Video 2.mp4,298,259,51,30,40
22,Video 2.mp4,298,317,85,20,31
20,Video 2.mp4,299,259,51,30,40
22,Video 2.mp4,299,316,82,20,34
27,Video 2.mp4,299,217,56,18,24
20,Video 2.mp4,300,260,51,29,40
22,Video 2.mp4,300,316,82,20,34
27,Video 2.mp4,300,221,56,17,23
20,Video 2.mp4,301,260,51,29,39
22,Video 2.mp4,301,315,85,22,31
27,Video 2.mp4,301,225,55,18,22
20,Video 2.mp4,302,260,51,28,39
22,Video 2.mp4,302,315,84,22,32
27,Video 2.mp4,302,230,54,18,22
20,Video 2.mp4,303,260,51,29,39
22,Video 2.mp4,303,315,81,21,35
27,Video 2.mp4,303,235,54,17,22
20,Video 2.mp4,304,260,51,29,39
22,Video 2.mp4,304,316,85,20,31
27,Video 2.mp4,304,240,54,16,21
20,Video 2.mp4,305,260,51,29,40
22,Video 2.mp4,305,317,87,17,28
27,Video 2.mp4,305,243,53,15,23
20,Video 2.mp4,305,373,64,19,19
20,Video 2.mp4,306,260,50,29,39
22,Video 2.mp4,306,317,83,18,31
27,Video 2.mp4,306,241,53,17,26
20,Video 2.mp4,306,377,57,20,25
20,Video 2.mp4,307,260,50,29,41
22,Video 2.mp4,307,314,81,21,34
20,Video 2.mp4,307,383,53,19,29
20,Video 2.mp4,308,259,50,30,40
22,Video 2.mp4,308,312,79,23,37
20,Video 2.mp4,308,387,55,20,27
3,Video 2.mp4,309,144,252,13,16
20,Video 2.mp4,309,259,49,30,40
22,Video 2.mp4,309,313,76,24,40
20,Video 2.mp4,309,391,57,20,26
20,Video 2.mp4,310,260,49,29,41
22,Video 2.mp4,310,396,61,13,23
20,Video 2.mp4,311,260,49,29,41
20,Video 2.mp4,311,400,57,20,29
20,Video 2.mp4,312,260,49,29,41
20,Video 2.mp4,312,404,61,21,26
3,Video 2.mp4,313,102,207,77,69
20,Video 2.mp4,313,261,49,28,41
20,Video 2.mp4,313,408,63,21,26
3,Video 2.mp4,314,214,162,20,19
20,Video 2.mp4,314,261,49,28,40
20,Video 2.mp4,314,412,69,20,23
3,Video 2.mp4,315,101,199,71,71
20,Video 2.mp4,315,261,49,28,40
20,Video 2.mp4,315,414,68,22,26
20,Video 2.mp4,316,261,49,27,40
20,Video 2.mp4,316,417,72,21,24
20,Video 2.mp4,317,261,49,28,41
20,Video 2.mp4,317,420,73,20,24
3,Video 2.mp4,318,114,196,59,72
20,Video 2.mp4,318,261,49,28,41
20,Video 2.mp4,318,423,74,20,25
3,Video 2.mp4,319,116,199,54,69
20,Video 2.mp4,319,262,49,28,41
20,Video 2.mp4,319,426,73,21,26
3,Video 2.mp4,320,108,195,63,73
20,Video 2.mp4,320,261,49,29,40
20,Video 2.mp4,320,429,72,21,28
3,Video 2.mp4,321,106,193,68,77
20,Video 2.mp4,321,262,49,28,40
20,Video 2.mp4,321,433,72,20,28
3,Video 2.mp4,322,110,197,63,74
20,Video 2.mp4,322,262,50,28,40
20,Video 2.mp4,322,436,73,21,26
3,Video 2.mp4,323,118,197,57,76
20,Video 2.mp4,323,263,49,28,41
20,Video 2.mp4,323,440,71,21,28
20,Video 2.mp4,324,262,49,28,38
20,Video 2.mp4,324,443,73,21,26
3,Video 2.mp4,325,120,200,60,75
20,Video 2.mp4,325,262,49,28,39
20,Video 2.mp4,325,447,72,21,27
3,Video 2.mp4,326,119,201,69,76
20,Video 2.mp4,326,262,48,28,40
20,Video 2.mp4,326,450,74,22,25
20,Video 2.mp4,327,260,48,29,38
20,Video 2.mp4,327,454,75,21,24
20,Video 2.mp4,328,260,47,28,41
20,Video 2.mp4,328,457,75,22,25
28,Video 2.mp4,328,182,212,11,14
20,Video 2.mp4,329,260,47,27,39
20,Video 2.mp4,329,461,77,21,24
20,Video 2.mp4,330,258,47,29,40
20,Video 2.mp4,330,464,79,21,24
20,Video 2.mp4,331,256,46,29,41
20,Video 2.mp4,331,467,80,21,24
20,Video 2.mp4,332,255,46,28,42
20,Video 2.mp4,332,471,83,21,23
20,Video 2.mp4,333,253,47,29,41
20,Video 2.mp4,333,475,83,21,25
20,Video 2.mp4,334,252,49,29,40
20,Video 2.mp4,334,480,85,20,24
29,Video 2.mp4,334,383,50,16,22
20,Video 2.mp4,335,251,50,29,39
20,Video 2.mp4,335,485,87,20,23
29,Video 2.mp4,335,387,49,17,24
20,Video 2.mp4,336,249,51,29,39
20,Video 2.mp4,336,491,88,21,24
29,Video 2.mp4,336,393,50,15,27
20,Video 2.mp4,337,248,52,29,40
29,Video 2.mp4,337,398,54,15,24
20,Video 2.mp4,338,247,53,29,39
29,Video 2.mp4,338,402,51,17,27
20,Video 2.mp4,339,245,53,30,40
29,Video 2.mp4,339,407,52,18,28
20,Video 2.mp4,340,245,54,29,40
29,Video 2.mp4,340,413,53,15,27
20,Video 2.mp4,341,244,55,29,40
29,Video 2.mp4,341,417,52,15,30
20,Video 2.mp4,342,243,57,29,39
28,Video 2.mp4,342,244,75,27,19
29,Video 2.mp4,342,422,55,14,25
20,Video 2.mp4,343,241,57,30,40
28,Video 2.mp4,343,243,73,27,22
29,Video 2.mp4,343,428,55,15,20
20,Video 2.mp4,344,240,58,31,40
28,Video 2.mp4,344,242,71,28,25
29,Video 2.mp4,344,433,54,16,21
20,Video 2.mp4,345,240,58,30,39
28,Video 2.mp4,345,242,69,27,26
29,Video 2.mp4,345,438,54,13,22
20,Video 2.mp4,346,240,59,30,38
28,Video 2.mp4,346,242,67,27,27
29,Video 2.mp4,346,443,54,16,22
20,Video 2.mp4,347,240,59,30,38
29,Video 2.mp4,347,448,56,15,19
20,Video 2.mp4,348,240,59,31,39
20,Video 2.mp4,349,241,59,29,39
20,Video 2.mp4,350,242,59,28,39
20,Video 2.mp4,351,242,59,29,39
20,Video 2.mp4,352,242,59,29,38
20,Video 2.mp4,353,241,58,30,39
20,Video 2.mp4,354,241,58,29,39
29,Video 2.mp4,354,443,48,19,7
20,Video 2.mp4,355,241,58,29,39
20,Video 2.mp4,356,240,58,30,39
20,Video 2.mp4,357,240,58,30,39
20,Video 2.mp4,358,240,58,30,39
20,Video 2.mp4,359,241,58,29,38
20,Video 2.mp4,360,241,58,29,39
20,Video 2.mp4,361,241,58,29,39
3,Video 2.mp4,362,139,187,50,60
20,Video 2.mp4,362,241,59,29,38
22,Video 2.mp4,362,306,86,20,31
20,Video 2.mp4,363,242,58,28,39
22,Video 2.mp4,363,308,88,17,30
3,Video 2.mp4,364,137,187,51,60
20,Video 2.mp4,364,241,58,29,38
22,Video 2.mp4,364,309,88,20,31
20,Video 2.mp4,365,241,58,29,38
22,Video 2.mp4,365,310,88,21,31
3,Video 2.mp4,366,141,189,52,59
20,Video 2.mp4,366,241,58,29,39
22,Video 2.mp4,366,312,90,21,29
20,Video 2.mp4,367,241,58,29,39
22,Video 2.mp4,367,314,90,21,29
20,Video 2.mp4,368,241,58,29,38
22,Video 2.mp4,368,314,91,22,29
20,Video 2.mp4,369,241,58,29,38
22,Video 2.mp4,369,316,91,23,29
20,Video 2.mp4,370,241,59,30,37
22,Video 2.mp4,370,317,91,23,29
20,Video 2.mp4,371,241,59,30,37
22,Video 2.mp4,371,319,92,23,27
20,Video 2.mp4,372,241,59,30,37
22,Video 2.mp4,372,319,91,23,28
20,Video 2.mp4,373,243,59,28,38
22,Video 2.mp4,373,321,90,22,29
20,Video 2.mp4,374,242,59,29,37
22,Video 2.mp4,374,321,89,22,29
20,Video 2.mp4,375,242,59,29,38
22,Video 2.mp4,375,321,88,22,29
20,Video 2.mp4,376,243,59,28,38
22,Video 2.mp4,376,322,87,22,29
20,Video 2.mp4,377,243,59,28,38
22,Video 2.mp4,377,322,87,21,28
20,Video 2.mp4,378,243,59,28,38
22,Video 2.mp4,378,322,88,21,27
20,Video 2.mp4,379,243,59,28,38
22,Video 2.mp4,379,322,89,22,26
3,Video 2.mp4,380,256,180,24,13
20,Video 2.mp4,380,242,59,29,38
22,Video 2.mp4,380,322,89,22,26
3,Video 2.mp4,381,258,181,23,12
20,Video 2.mp4,381,243,59,28,38
22,Video 2.mp4,381,323,88,21,27
20,Video 2.mp4,382,242,59,29,38
22,Video 2.mp4,382,324,88,21,27
20,Video 2.mp4,383,243,59,28,38
22,Video 2.mp4,383,324,89,21,26
20,Video 2.mp4,384,243,59,28,38
22,Video 2.mp4,384,325,89,20,26
20,Video 2.mp4,385,242,59,29,38
22,Video 2.mp4,385,325,89,20,25
20,Video 2.mp4,386,242,59,29,38
22,Video 2.mp4,386,325,88,20,26
20,Video 2.mp4,387,243,59,28,38
22,Video 2.mp4,387,325,88,20,25
20,Video 2.mp4,388,243,59,28,38
22,Video 2.mp4,388,326,87,20,26
20,Video 2.mp4,389,243,59,28,38
22,Video 2.mp4,389,326,86,20,26
20,Video 2.mp4,390,245,59,27,37
22,Video 2.mp4,390,326,87,20,25
20,Video 2.mp4,391,244,58,28,38
22,Video 2.mp4,391,326,87,20,25
3,Video 2.mp4,392,271,213,14,18
20,Video 2.mp4,392,243,58,29,38
22,Video 2.mp4,392,326,87,20,25
20,Video 2.mp4,393,244,57,28,38
22,Video 2.mp4,393,327,87,19,24
20,Video 2.mp4,394,244,56,28,40
22,Video 2.mp4,394,326,86,21,26
20,Video 2.mp4,395,244,56,29,38
22,Video 2.mp4,395,327,87,20,25
20,Video 2.mp4,396,244,56,29,38
22,Video 2.mp4,396,326,87,21,25
20,Video 2.mp4,397,244,56,29,39
22,Video 2.mp4,397,326,87,21,25
20,Video 2.mp4,398,244,56,29,39
22,Video 2.mp4,398,326,86,21,26
20,Video 2.mp4,399,244,56,29,38
22,Video 2.mp4,399,325,82,22,29
20,Video 2.mp4,400,244,56,29,38
22,Video 2.mp4,400,325,83,21,28
20,Video 2.mp4,401,244,56,29,37
22,Video 2.mp4,401,325,81,22,30
20,Video 2.mp4,402,244,56,29,37
22,Video 2.mp4,402,325,82,21,28
20,Video 2.mp4,403,244,56,29,37
22,Video 2.mp4,403,325,81,21,29
20,Video 2.mp4,404,244,56,29,37
22,Video 2.mp4,404,324,81,22,30
20,Video 2.mp4,405,244,56,29,37
22,Video 2.mp4,405,324,82,21,29
20,Video 2.mp4,406,245,56,28,39
22,Video 2.mp4,406,324,83,21,29
20,Video 2.mp4,407,245,56,28,38
22,Video 2.mp4,407,324,86,20,27
20,Video 2.mp4,408,245,56,28,38
22,Video 2.mp4,408,323,86,21,27
20,Video 2.mp4,409,245,56,28,38
22,Video 2.mp4,409,323,86,20,28
20,Video 2.mp4,410,245,56,28,38
22,Video 2.mp4,410,323,85,21,29
20,Video 2.mp4,411,245,56,28,38
22,Video 2.mp4,411,322,84,22,31
20,Video 2.mp4,412,245,56,28,38
22,Video 2.mp4,412,323,86,20,28
20,Video 2.mp4,413,244,56,29,39
22,Video 2.mp4,413,323,86,20,28
20,Video 2.mp4,414,244,56,29,38
22,Video 2.mp4,414,323,86,21,28
20,Video 2.mp4,415,244,57,29,37
22,Video 2.mp4,415,323,86,20,28
20,Video 2.mp4,416,244,56,29,38
22,Video 2.mp4,416,322,85,22,29
20,Video 2.mp4,417,244,56,29,38
22,Video 2.mp4,417,322,86,22,28
20,Video 2.mp4,418,243,56,29,38
22,Video 2.mp4,418,322,86,20,28
20,Video 2.mp4,419,243,56,29,38
22,Video 2.mp4,419,321,85,21,29
20,Video 2.mp4,420,243,56,29,38
22,Video 2.mp4,420,321,87,20,27
20,Video 2.mp4,421,243,56,29,38
22,Video 2.mp4,421,321,85,21,29
20,Video 2.mp4,422,243,57,28,36
22,Video 2.mp4,422,321,86,20,29
20,Video 2.mp4,423,242,57,29,37
22,Video 2.mp4,423,321,87,20,28
20,Video 2.mp4,424,242,58,29,36
22,Video 2.mp4,424,319,87,22,29
20,Video 2.mp4,425,242,58,30,37
22,Video 2.mp4,425,320,90,20,26
20,Video 2.mp4,426,243,58,29,37
22,Video 2.mp4,426,318,92,22,26
20,Video 2.mp4,427,244,59,28,37
20,Video 2.mp4,428,244,60,28,33
20,Video 2.mp4,429,244,59,28,33
20,Video 2.mp4,430,244,59,27,33
20,Video 2.mp4,431,244,60,27,32
20,Video 2.mp4,432,244,60,27,33
20,Video 2.mp4,433,244,60,27,34
20,Video 2.mp4,434,244,60,27,34
20,Video 2.mp4,435,243,59,28,36
20,Video 2.mp4,436,243,59,28,37
20,Video 2.mp4,437,243,59,27,37
20,Video 2.mp4,438,243,59,27,36
20,Video 2.mp4,439,243,59,27,37
20,Video 2.mp4,440,243,59,27,37
20,Video 2.mp4,441,243,60,27,35
20,Video 2.mp4,442,243,60,27,36
20,Video 2.mp4,443,242,60,28,34
20,Video 2.mp4,444,243,61,27,32
20,Video 2.mp4,445,243,62,27,32
20,Video 2.mp4,446,242,63,27,32
20,Video 2.mp4,447,242,63,28,36
20,Video 2.mp4,448,242,63,27,37
20,Video 2.mp4,449,242,63,28,37
20,Video 2.mp4,450,242,63,27,36
20,Video 2.mp4,451,242,64,27,35
20,Video 2.mp4,452,241,64,28,36
20,Video 2.mp4,453,241,64,29,36
20,Video 2.mp4,454,241,64,29,36
20,Video 2.mp4,455,242,64,29,37
20,Video 2.mp4,456,243,63,28,38
20,Video 2.mp4,457,244,63,27,37
20,Video 2.mp4,458,246,62,26,36
20,Video 2.mp4,459,246,61,26,37
20,Video 2.mp4,460,246,62,26,37
20,Video 2.mp4,461,246,62,26,37
20,Video 2.mp4,462,245,62,27,37
20,Video 2.mp4,463,245,63,27,36
20,Video 2.mp4,464,245,64,26,34
20,Video 2.mp4,465,244,63,26,36
20,Video 2.mp4,466,243,63,27,36
20,Video 2.mp4,467,243,64,26,34
20,Video 2.mp4,468,242,62,27,36
20,Video 2.mp4,469,241,62,28,36
20,Video 2.mp4,470,241,61,27,37
20,Video 2.mp4,471,241,61,27,37
20,Video 2.mp4,472,240,61,28,36
20,Video 2.mp4,473,240,60,28,37
20,Video 2.mp4,474,240,59,28,38
20,Video 2.mp4,475,240,59,28,37
20,Video 2.mp4,476,240,59,28,38
20,Video 2.mp4,477,240,60,27,37
20,Video 2.mp4,478,240,59,27,38
20,Video 2.mp4,479,240,59,27,37
20,Video 2.mp4,480,240,59,27,37
20,Video 2.mp4,481,240,59,27,37
20,Video 2.mp4,482,240,59,27,38
20,Video 2.mp4,483,240,59,27,38
20,Video 2.mp4,484,240,58,27,37
20,Video 2.mp4,485,240,59,27,37
20,Video 2.mp4,486,240,59,27,37
20,Video 2.mp4,487,240,59,27,37
20,Video 2.mp4,488,240,59,27,37
20,Video 2.mp4,489,240,59,27,35
20,Video 2.mp4,490,238,59,29,37
20,Video 2.mp4,491,238,60,29,36
20,Video 2.mp4,492,238,60,29,37
20,Video 2.mp4,493,237,60,29,37
3,Video 2.mp4,494,224,189,46,39
20,Video 2.mp4,494,237,59,28,37
3,Video 2.mp4,495,135,208,51,60
20,Video 2.mp4,495,236,58,29,37
20,Video 2.mp4,496,236,58,29,38
20,Video 2.mp4,497,236,57,29,37
20,Video 2.mp4,498,237,57,29,38
20,Video 2.mp4,499,238,56,28,39
20,Video 2.mp4,500,237,56,29,37
20,Video 2.mp4,501,238,56,29,37
20,Video 2.mp4,502,239,56,28,36
20,Video 2.mp4,503,240,55,28,37
20,Video 2.mp4,504,240,54,29,38
20,Video 2.mp4,505,242,54,28,37
20,Video 2.mp4,506,242,53,29,37
3,Video 2.mp4,507,130,193,55,64
20,Video 2.mp4,507,244,52,29,37
20,Video 2.mp4,508,246,51,27,37
20,Video 2.mp4,509,247,50,28,37
20,Video 2.mp4,510,248,50,28,37
20,Video 2.mp4,511,250,49,28,38
20,Video 2.mp4,512,251,49,27,36
20,Video 2.mp4,513,252,48,27,37
20,Video 2.mp4,514,252,47,29,37
20,Video 2.mp4,515,253,47,29,36
3,Video 2.mp4,516,201,218,19,23
20,Video 2.mp4,516,255,47,28,37
20,Video 2.mp4,517,256,47,27,38
20,Video 2.mp4,518,257,47,27,38
20,Video 2.mp4,519,257,47,28,37
20,Video 2.mp4,520,258,47,27,37
20,Video 2.mp4,521,258,47,27,37
20,Video 2.mp4,522,258,47,27,37
20,Video 2.mp4,523,258,46,27,37
20,Video 2.mp4,524,258,46,27,36
20,Video 2.mp4,525,258,46,27,37
20,Video 2.mp4,526,257,46,27,37
20,Video 2.mp4,527,256,46,28,37
20,Video 2.mp4,528,256,46,27,36
20,Video 2.mp4,529,255,46,27,35
20,Video 2.mp4,530,254,46,27,36
20,Video 2.mp4,531,253,46,28,37
20,Video 2.mp4,532,255,46,26,37
20,Video 2.mp4,533,254,46,26,38
20,Video 2.mp4,534,254,46,26,37
20,Video 2.mp4,535,253,47,26,38
20,Video 2.mp4,536,252,48,25,37
20,Video 2.mp4,537,250,49,26,38
20,Video 2.mp4,538,249,49,26,39
20,Video 2.mp4,539,247,50,26,38
20,Video 2.mp4,540,246,51,26,38
20,Video 2.mp4,541,245,51,26,38
20,Video 2.mp4,542,243,52,27,37
20,Video 2.mp4,543,241,53,28,38
20,Video 2.mp4,544,241,53,28,38
20,Video 2.mp4,545,240,54,28,38
20,Video 2.mp4,546,240,55,27,38
20,Video 2.mp4,547,239,55,28,38
20,Video 2.mp4,548,239,55,28,38
20,Video 2.mp4,549,239,55,28,38
20,Video 2.mp4,550,239,55,28,38
20,Video 2.mp4,551,238,55,29,39
20,Video 2.mp4,552,239,55,28,39
20,Video 2.mp4,553,239,56,28,38
20,Video 2.mp4,554,239,56,28,37
20,Video 2.mp4,555,239,56,28,37
20,Video 2.mp4,556,238,56,28,37
20,Video 2.mp4,557,237,56,29,37
20,Video 2.mp4,558,237,56,29,37
20,Video 2.mp4,559,236,56,29,38
20,Video 2.mp4,560,236,56,29,38
20,Video 2.mp4,561,236,56,30,38
20,Video 2.mp4,562,236,56,30,38
20,Video 2.mp4,563,236,55,30,39
20,Video 2.mp4,564,237,55,29,38
20,Video 2.mp4,565,237,56,29,37
20,Video 2.mp4,566,238,55,28,38
20,Video 2.mp4,567,238,55,28,37
20,Video 2.mp4,568,238,55,28,37
20,Video 2.mp4,569,239,54,28,38
20,Video 2.mp4,570,239,54,28,38
20,Video 2.mp4,571,240,54,28,38
20,Video 2.mp4,572,240,54,28,38
20,Video 2.mp4,573,241,53,28,38
20,Video 2.mp4,574,241,52,29,39
20,Video 2.mp4,575,242,51,29,38
20,Video 2.mp4,576,243,50,29,39
20,Video 2.mp4,577,244,49,29,39
20,Video 2.mp4,578,245,49,28,38
20,Video 2.mp4,579,246,48,28,38
20,Video 2.mp4,580,247,48,29,38
20,Video 2.mp4,581,248,47,29,39
20,Video 2.mp4,582,250,46,27,39
20,Video 2.mp4,583,251,46,28,40
20,Video 2.mp4,584,252,45,28,40
22,Video 2.mp4,584,326,93,24,30
20,Video 2.mp4,585,253,44,28,40
22,Video 2.mp4,585,323,88,26,34
20,Video 2.mp4,586,254,44,28,40
22,Video 2.mp4,586,322,86,25,35
20,Video 2.mp4,587,255,44,28,40
22,Video 2.mp4,587,320,86,26,34
20,Video 2.mp4,588,256,44,27,39
22,Video 2.mp4,588,319,84,25,35
20,Video 2.mp4,589,257,43,27,40
22,Video 2.mp4,589,318,80,25,38
20,Video 2.mp4,590,258,42,27,41
22,Video 2.mp4,590,317,79,25,38
20,Video 2.mp4,591,259,42,27,41
22,Video 2.mp4,591,316,75,24,41
20,Video 2.mp4,592,259,42,28,40
22,Video 2.mp4,592,316,75,23,41
20,Video 2.mp4,593,260,41,27,41
22,Video 2.mp4,593,315,77,24,39
20,Video 2.mp4,594,261,41,27,40
22,Video 2.mp4,594,313,72,27,44
20,Video 2.mp4,595,261,41,27,40
22,Video 2.mp4,595,314,72,26,44
20,Video 2.mp4,596,261,41,27,40
22,Video 2.mp4,596,314,76,24,40
20,Video 2.mp4,597,262,40,27,41
22,Video 2.mp4,597,313,78,24,38
20,Video 2.mp4,598,262,40,27,41
22,Video 2.mp4,598,313,80,24,36
20,Video 2.mp4,599,262,40,27,41
22,Video 2.mp4,599,314,78,23,38
20,Video 2.mp4,600,262,40,27,39
22,Video 2.mp4,600,314,78,23,38
20,Video 2.mp4,601,262,40,27,38
22,Video 2.mp4,601,312,77,25,40
20,Video 2.mp4,602,262,39,27,39
22,Video 2.mp4,602,313,80,24,37
20,Video 2.mp4,603,262,39,27,38
22,Video 2.mp4,603,312,80,26,37
20,Video 2.mp4,604,262,39,27,38
22,Video 2.mp4,604,311,77,27,40
20,Video 2.mp4,605,262,38,27,39
22,Video 2.mp4,605,312,79,26,38
20,Video 2.mp4,606,262,38,27,40
22,Video 2.mp4,606,312,80,26,37
20,Video 2.mp4,607,262,38,27,39
22,Video 2.mp4,607,313,80,27,37
20,Video 2.mp4,608,262,38,27,39
22,Video 2.mp4,608,316,83,23,34
20,Video 2.mp4,609,262,38,27,39
22,Video 2.mp4,609,317,83,23,34
20,Video 2.mp4,610,262,38,27,39
22,Video 2.mp4,610,318,83,22,34
20,Video 2.mp4,611,262,39,27,38
22,Video 2.mp4,611,317,80,24,36
20,Video 2.mp4,612,261,39,27,38
22,Video 2.mp4,612,319,85,24,31
20,Video 2.mp4,613,261,40,27,38
22,Video 2.mp4,613,322,82,23,34
20,Video 2.mp4,614,261,40,27,39
22,Video 2.mp4,614,320,82,27,33
20,Video 2.mp4,615,261,40,27,38
22,Video 2.mp4,615,325,81,25,34
20,Video 2.mp4,616,261,41,26,38
22,Video 2.mp4,616,325,81,27,32
20,Video 2.mp4,617,259,41,28,38
22,Video 2.mp4,617,328,80,25,33
20,Video 2.mp4,618,259,40,28,42
22,Video 2.mp4,618,330,78,25,34
20,Video 2.mp4,619,259,40,27,40
22,Video 2.mp4,619,334,78,24,34
20,Video 2.mp4,620,258,40,28,43
22,Video 2.mp4,620,336,73,25,39
20,Video 2.mp4,621,258,40,28,41
22,Video 2.mp4,621,339,76,24,36
20,Video 2.mp4,622,258,41,27,41
22,Video 2.mp4,622,340,75,26,36
20,Video 2.mp4,623,258,42,27,38
22,Video 2.mp4,623,343,73,25,38
20,Video 2.mp4,624,258,42,27,37
22,Video 2.mp4,624,345,74,26,37
20,Video 2.mp4,625,258,42,27,37
22,Video 2.mp4,625,347,71,27,39
20,Video 2.mp4,626,258,41,27,39
22,Video 2.mp4,626,348,72,27,38
20,Video 2.mp4,627,257,40,27,41
22,Video 2.mp4,627,350,70,27,40
20,Video 2.mp4,628,258,40,27,40
22,Video 2.mp4,628,351,68,27,42
20,Video 2.mp4,629,258,40,28,40
22,Video 2.mp4,629,352,67,27,42
20,Video 2.mp4,630,258,39,28,41
22,Video 2.mp4,630,353,70,28,38
20,Video 2.mp4,631,259,39,27,40
22,Video 2.mp4,631,354,71,27,37
20,Video 2.mp4,632,260,38,27,41
22,Video 2.mp4,632,355,69,26,38
20,Video 2.mp4,633,260,39,27,39
22,Video 2.mp4,633,355,68,27,39
20,Video 2.mp4,634,261,38,27,42
22,Video 2.mp4,634,355,68,27,38
20,Video 2.mp4,635,261,37,27,40
22,Video 2.mp4,635,355,65,27,40
22,Video 2.mp4,635,262,39,25,36
20,Video 2.mp4,636,261,37,28,40
22,Video 2.mp4,636,355,66,27,39
22,Video 2.mp4,636,262,38,26,37
20,Video 2.mp4,637,262,37,27,40
22,Video 2.mp4,637,355,67,28,37
22,Video 2.mp4,637,263,37,25,38
20,Video 2.mp4,638,262,37,27,39
22,Video 2.mp4,638,356,68,26,35
22,Video 2.mp4,638,263,37,25,38
20,Video 2.mp4,639,263,37,27,39
22,Video 2.mp4,639,356,66,26,36
22,Video 2.mp4,639,264,37,25,37
20,Video 2.mp4,640,263,37,28,39
22,Video 2.mp4,640,356,66,26,35
22,Video 2.mp4,640,264,38,25,36
20,Video 2.mp4,641,265,37,26,40
22,Video 2.mp4,641,356,65,26,35
22,Video 2.mp4,641,266,38,24,37
20,Video 2.mp4,642,265,37,26,40
22,Video 2.mp4,642,355,64,26,35
22,Video 2.mp4,642,266,37,24,37
20,Video 2.mp4,643,265,37,27,39
22,Video 2.mp4,643,355,62,26,36
22,Video 2.mp4,643,266,36,25,38
20,Video 2.mp4,644,265,36,26,39
22,Video 2.mp4,644,355,62,25,35
22,Video 2.mp4,644,266,36,24,37
20,Video 2.mp4,645,266,37,26,38
22,Video 2.mp4,645,355,63,25,33
22,Video 2.mp4,645,267,37,24,36
20,Video 2.mp4,646,266,36,25,39
22,Video 2.mp4,646,354,61,25,34
22,Video 2.mp4,646,267,37,24,36
20,Video 2.mp4,647,266,36,25,40
22,Video 2.mp4,647,354,60,24,34
22,Video 2.mp4,647,267,38,23,36
20,Video 2.mp4,648,266,37,25,39
22,Video 2.mp4,648,353,59,24,34
22,Video 2.mp4,648,267,38,23,36
20,Video 2.mp4,649,266,38,25,37
22,Video 2.mp4,649,354,60,22,32
22,Video 2.mp4,649,267,39,23,34
20,Video 2.mp4,650,266,38,25,37
22,Video 2.mp4,650,354,59,20,31
22,Video 2.mp4,650,267,37,23,36
20,Video 2.mp4,651,266,38,25,37
22,Video 2.mp4,651,354,59,18,31
22,Video 2.mp4,651,267,37,24,37
20,Video 2.mp4,652,266,38,24,36
22,Video 2.mp4,652,354,58,16,31
22,Video 2.mp4,652,266,38,23,35
20,Video 2.mp4,653,266,38,23,36
22,Video 2.mp4,653,354,59,17,28
22,Video 2.mp4,653,267,40,21,33
20,Video 2.mp4,654,265,38,24,35
22,Video 2.mp4,654,354,56,16,31
22,Video 2.mp4,654,266,40,22,34
20,Video 2.mp4,655,265,38,23,36
22,Video 2.mp4,655,352,50,21,38
22,Video 2.mp4,655,263,39,25,36
20,Video 2.mp4,656,265,37,22,37
22,Video 2.mp4,656,266,40,22,33
20,Video 2.mp4,657,262,39,23,35
22,Video 2.mp4,657,351,49,19,32
22,Video 2.mp4,657,264,38,21,36
20,Video 2.mp4,658,261,39,24,36
22,Video 2.mp4,658,352,49,17,30
22,Video 2.mp4,658,264,40,21,33
20,Video 2.mp4,659,260,39,24,35
22,Video 2.mp4,659,264,40,21,30
20,Video 2.mp4,660,260,37,22,38
20,Video 2.mp4,661,260,36,21,39
22,Video 2.mp4,661,350,49,16,25
20,Video 2.mp4,662,259,39,21,37
20,Video 2.mp4,663,259,39,20,36
22,Video 2.mp4,663,349,45,18,30
20,Video 2.mp4,664,259,42,20,33
22,Video 2.mp4,664,348,44,19,31
20,Video 2.mp4,665,259,43,17,27
22,Video 2.mp4,665,347,45,18,29
20,Video 2.mp4,666,259,41,15,32
22,Video 2.mp4,667,344,42,17,28
22,Video 2.mp4,668,341,43,18,27
22,Video 2.mp4,669,340,42,19,28
22,Video 2.mp4,670,337,38,21,34
22,Video 2.mp4,671,335,40,19,30
22,Video 2.mp4,672,334,40,18,29
22,Video 2.mp4,673,331,41,19,29
22,Video 2.mp4,674,329,42,18,27
22,Video 2.mp4,675,327,42,17,27
22,Video 2.mp4,676,322,41,19,27
22,Video 2.mp4,677,318,38,19,30
22,Video 2.mp4,678,315,42,17,26
22,Video 2.mp4,679,314,42,17,27
3,Video 2.mp4,764,164,192,48,69
3,Video 2.mp4,765,156,192,59,67
3,Video 2.mp4,766,158,194,60,63
3,Video 2.mp4,767,193,200,28,57
3,Video 2.mp4,768,157,200,64,61
3,Video 2.mp4,769,192,200,33,60
3,Video 2.mp4,770,194,203,35,58
3,Video 2.mp4,771,189,203,41,59
3,Video 2.mp4,772,195,202,38,62
3,Video 2.mp4,773,196,202,36,63
3,Video 2.mp4,774,170,204,60,64
3,Video 2.mp4,775,171,206,60,65
3,Video 2.mp4,776,172,208,65,64
3,Video 2.mp4,777,173,211,61,64
3,Video 2.mp4,778,170,212,61,66
3,Video 2.mp4,779,169,218,66,63
3,Video 2.mp4,780,170,212,67,73
3,Video 2.mp4,781,171,219,60,71
3,Video 2.mp4,782,173,225,57,67
3,Video 2.mp4,783,170,232,60,62
3,Video 2.mp4,784,170,234,58,62
3,Video 2.mp4,785,167,228,62,69
3,Video 2.mp4,786,165,227,64,72
3,Video 2.mp4,787,165,227,64,72
3,Video 2.mp4,788,165,232,58,67
3,Video 2.mp4,789,164,233,57,71
3,Video 2.mp4,790,156,235,62,68
3,Video 2.mp4,791,152,237,66,69
3,Video 2.mp4,792,151,246,63,61
3,Video 2.mp4,793,146,240,66,69
3,Video 2.mp4,794,147,244,62,68
3,Video 2.mp4,795,146,244,63,67
3,Video 2.mp4,796,143,248,63,64
3,Video 2.mp4,797,142,257,62,58
3,Video 2.mp4,798,139,249,64,67
3,Video 2.mp4,799,140,252,64,65
3,Video 2.mp4,800,137,257,67,62
3,Video 2.mp4,801,140,258,65,61
3,Video 2.mp4,802,140,253,64,65
3,Video 2.mp4,803,142,253,62,65
3,Video 2.mp4,804,142,254,63,63
3,Video 2.mp4,806,145,254,59,60
3,Video 2.mp4,807,146,252,59,62
3,Video 2.mp4,808,148,251,58,61
3,Video 2.mp4,809,146,248,60,64
3,Video 2.mp4,810,145,246,61,65
3,Video 2.mp4,811,144,246,62,66
3,Video 2.mp4,812,140,245,64,65
3,Video 2.mp4,836,164,210,44,49
3,Video 2.mp4,837,168,208,39,49
3,Video 2.mp4,838,167,208,39,49
3,Video 2.mp4,839,164,207,40,48
3,Video 2.mp4,843,150,199,49,49
3,Video 2.mp4,846,156,192,37,48
3,Video 2.mp4,847,156,193,37,47
3,Video 2.mp4,848,150,189,37,48
3,Video 2.mp4,849,152,188,37,47
3,Video 2.mp4,850,151,187,39,46
3,Video 2.mp4,851,151,187,39,46
3,Video 2.mp4,852,150,186,35,46
3,Video 2.mp4,854,144,184,38,46
3,Video 2.mp4,855,147,186,34,45
3,Video 2.mp4,863,151,189,34,39
3,Video 2.mp4,864,150,189,40,39
3,Video 2.mp4,865,152,189,38,40
3,Video 2.mp4,866,154,189,37,40
3,Video 2.mp4,867,156,189,32,41
3,Video 2.mp4,868,157,189,33,41
3,Video 2.mp4,869,158,190,33,40
34,Video 3.mp4,13,507,93,21,34
34,Video 3.mp4,14,506,95,18,31
34,Video 3.mp4,120,469,108,21,28
34,Video 3.mp4,122,470,108,21,30
34,Video 3.mp4,123,472,110,21,30
34,Video 3.mp4,124,472,112,17,28
34,Video 3.mp4,128,477,117,22,27
34,Video 3.mp4,129,478,118,20,27
34,Video 3.mp4,130,479,117,23,29
34,Video 3.mp4,131,479,116,23,30
34,Video 3.mp4,132,480,118,23,30
34,Video 3.mp4,133,481,120,22,28
34,Video 3.mp4,134,482,123,21,27
34,Video 3.mp4,135,483,123,22,28
34,Video 3.mp4,136,483,123,21,28
34,Video 3.mp4,137,483,123,22,29
34,Video 3.mp4,138,485,122,20,31
34,Video 3.mp4,139,485,122,21,32
34,Video 3.mp4,140,487,126,20,29
34,Video 3.mp4,141,487,126,20,29
34,Video 3.mp4,142,487,126,21,30
34,Video 3.mp4,143,488,128,20,29
34,Video 3.mp4,144,488,129,21,29
34,Video 3.mp4,145,489,130,21,29
34,Video 3.mp4,146,489,129,20,30
34,Video 3.mp4,147,483,119,29,41
34,Video 3.mp4,148,491,129,21,31
34,Video 3.mp4,149,491,129,21,32
34,Video 3.mp4,150,492,129,21,33
34,Video 3.mp4,151,492,129,21,33
34,Video 3.mp4,152,492,134,20,28
34,Video 3.mp4,153,492,135,20,28
34,Video 3.mp4,154,493,137,19,27
34,Video 3.mp4,155,493,135,20,29
34,Video 3.mp4,156,493,136,19,28
34,Video 3.mp4,158,493,140,21,26
34,Video 3.mp4,160,493,138,21,29
34,Video 3.mp4,164,491,146,23,25
34,Video 3.mp4,165,491,146,24,26
34,Video 3.mp4,166,491,146,24,26
34,Video 3.mp4,167,490,149,25,24
34,Video 3.mp4,168,490,148,24,26
34,Video 3.mp4,169,489,153,25,25
34,Video 3.mp4,170,488,154,25,22
34,Video 3.mp4,171,488,154,25,22
34,Video 3.mp4,172,487,156,26,21
34,Video 3.mp4,173,486,158,27,20
34,Video 3.mp4,174,485,160,27,20
34,Video 3.mp4,190,477,173,23,19
34,Video 3.mp4,195,479,162,27,29
34,Video 3.mp4,196,479,162,27,27
34,Video 3.mp4,198,479,160,28,32
34,Video 3.mp4,199,480,161,29,29
34,Video 3.mp4,200,480,160,29,32
34,Video 3.mp4,201,481,159,28,34
34,Video 3.mp4,202,481,160,28,31
34,Video 3.mp4,203,479,158,30,37
34,Video 3.mp4,204,482,161,28,32
34,Video 3.mp4,205,482,162,28,35
34,Video 3.mp4,206,482,163,28,34
34,Video 3.mp4,207,482,163,28,35
34,Video 3.mp4,208,482,162,29,36
34,Video 3.mp4,209,483,166,27,32
34,Video 3.mp4,210,482,166,29,33
34,Video 3.mp4,211,482,164,29,36
34,Video 3.mp4,212,484,167,28,33
34,Video 3.mp4,213,485,168,28,33
34,Video 3.mp4,214,485,167,29,35
34,Video 3.mp4,215,486,169,29,33
34,Video 3.mp4,216,486,168,29,34
34,Video 3.mp4,217,486,167,30,35
34,Video 3.mp4,218,488,167,30,36
34,Video 3.mp4,219,489,169,30,35
34,Video 3.mp4,220,489,167,31,37
34,Video 3.mp4,221,490,168,30,36
34,Video 3.mp4,222,491,168,30,38
34,Video 3.mp4,223,491,169,31,38
34,Video 3.mp4,224,492,171,30,37
34,Video 3.mp4,225,493,171,30,39
34,Video 3.mp4,226,493,171,30,39
34,Video 3.mp4,227,493,174,31,37
34,Video 3.mp4,228,494,172,30,40
34,Video 3.mp4,229,494,173,31,40
34,Video 3.mp4,230,494,173,32,43
34,Video 3.mp4,231,494,174,32,42
34,Video 3.mp4,232,495,177,31,40
34,Video 3.mp4,233,495,179,31,39
34,Video 3.mp4,234,494,179,32,40
34,Video 3.mp4,235,494,181,31,40
34,Video 3.mp4,236,495,180,30,41
34,Video 3.mp4,237,493,181,32,41
34,Video 3.mp4,238,494,182,31,42
34,Video 3.mp4,239,493,183,32,41
34,Video 3.mp4,240,493,183,32,46
34,Video 3.mp4,241,493,184,32,45
34,Video 3.mp4,242,494,183,31,48
34,Video 3.mp4,243,493,185,31,45
34,Video 3.mp4,244,492,186,31,44
34,Video 3.mp4,245,491,187,32,44
34,Video 3.mp4,246,491,187,32,44
34,Video 3.mp4,247,490,188,33,43
34,Video 3.mp4,248,491,188,31,44
34,Video 3.mp4,249,491,188,33,44
34,Video 3.mp4,250,488,188,33,45
34,Video 3.mp4,251,488,188,32,46
34,Video 3.mp4,252,486,188,36,48
34,Video 3.mp4,253,485,187,40,49
34,Video 3.mp4,254,482,189,34,47
34,Video 3.mp4,255,477,186,38,50
34,Video 3.mp4,256,478,186,37,50
34,Video 3.mp4,257,480,189,30,43
34,Video 3.mp4,258,479,186,33,40
34,Video 3.mp4,259,476,186,30,41
34,Video 3.mp4,260,476,186,37,47
34,Video 3.mp4,261,475,185,37,47
34,Video 3.mp4,262,474,186,32,43
34,Video 3.mp4,263,473,185,41,48
34,Video 3.mp4,264,472,184,37,48
34,Video 3.mp4,265,470,185,32,44
34,Video 3.mp4,266,471,185,32,44
34,Video 3.mp4,267,470,184,42,50
34,Video 3.mp4,271,466,185,26,34
34,Video 3.mp4,288,463,183,21,32
34,Video 3.mp4,293,464,182,16,31
34,Video 3.mp4,295,479,211,15,18
34,Video 3.mp4,297,465,186,15,27
34,Video 3.mp4,299,481,212,14,19
36,Video 3.mp4,316,503,65,16,19
34,Video 3.mp4,330,480,212,19,20
36,Video 3.mp4,334,508,58,17,21
36,Video 3.mp4,336,509,59,16,20
36,Video 3.mp4,337,507,58,17,22
36,Video 3.mp4,340,504,59,18,21
36,Video 3.mp4,341,504,59,18,20
36,Video 3.mp4,343,502,57,17,22
36,Video 3.mp4,344,500,57,17,22
36,Video 3.mp4,345,499,57,16,22
36,Video 3.mp4,346,499,57,17,23
36,Video 3.mp4,347,498,57,16,22
36,Video 3.mp4,348,497,58,16,20
36,Video 3.mp4,349,495,57,16,21
34,Video 3.mp4,358,452,239,13,19
34,Video 3.mp4,360,453,239,12,16
34,Video 3.mp4,361,453,239,12,16
34,Video 3.mp4,383,480,213,19,20
36,Video 3.mp4,403,487,62,17,21
36,Video 3.mp4,404,486,61,17,22
34,Video 3.mp4,412,462,137,26,36
34,Video 3.mp4,413,463,136,25,37
34,Video 3.mp4,414,463,137,26,35
34,Video 3.mp4,415,464,136,25,36
34,Video 3.mp4,416,464,136,25,36
34,Video 3.mp4,417,464,136,27,35
34,Video 3.mp4,418,466,138,24,32
34,Video 3.mp4,419,466,137,26,33
34,Video 3.mp4,420,466,135,25,34
34,Video 3.mp4,421,466,135,25,34
34,Video 3.mp4,422,466,136,24,33
34,Video 3.mp4,423,467,136,21,33
34,Video 3.mp4,424,467,138,22,31
34,Video 3.mp4,425,467,138,21,31
34,Video 3.mp4,426,467,139,22,30
34,Video 3.mp4,427,468,139,20,30
36,Video 3.mp4,427,470,63,17,22
34,Video 3.mp4,428,468,139,20,30
36,Video 3.mp4,428,469,65,17,21
34,Video 3.mp4,429,467,140,21,29
36,Video 3.mp4,429,469,66,15,20
34,Video 3.mp4,430,468,143,21,27
36,Video 3.mp4,430,468,66,16,20
34,Video 3.mp4,431,468,143,21,27
36,Video 3.mp4,431,468,65,16,21
36,Video 3.mp4,432,467,151,19,19
34,Video 3.mp4,438,467,149,28,32
36,Video 3.mp4,438,465,66,17,24
36,Video 3.mp4,439,465,67,16,24
36,Video 3.mp4,440,465,68,15,23
36,Video 3.mp4,441,465,68,16,23
36,Video 3.mp4,442,468,75,31,31
36,Video 3.mp4,444,465,71,14,21
36,Video 3.mp4,445,465,72,14,21
36,Video 3.mp4,446,465,72,15,21
36,Video 3.mp4,447,465,74,15,20
34,Video 3.mp4,449,476,160,25,25
34,Video 3.mp4,450,476,160,24,25
34,Video 3.mp4,451,476,161,23,24
34,Video 3.mp4,475,487,142,22,40
36,Video 3.mp4,478,467,89,31,30
36,Video 3.mp4,498,472,85,15,21
36,Video 3.mp4,499,472,84,15,22
36,Video 3.mp4,512,483,82,21,30
36,Video 3.mp4,513,484,83,21,30
36,Video 3.mp4,514,485,81,23,31
34,Video 3.mp4,515,506,127,20,28
36,Video 3.mp4,515,486,81,22,31
34,Video 3.mp4,516,506,128,20,27
36,Video 3.mp4,516,487,80,21,32
36,Video 3.mp4,517,488,80,23,32
36,Video 3.mp4,518,489,79,24,34
34,Video 3.mp4,519,507,130,19,25
36,Video 3.mp4,519,491,81,23,26
34,Video 3.mp4,520,507,131,21,24
36,Video 3.mp4,520,491,80,24,27
34,Video 3.mp4,521,507,131,21,24
36,Video 3.mp4,521,491,81,24,26
36,Video 3.mp4,522,492,82,23,29
36,Video 3.mp4,523,493,82,24,29
36,Video 3.mp4,524,495,82,23,28
36,Video 3.mp4,525,495,81,25,33
36,Video 3.mp4,526,496,82,24,27
36,Video 3.mp4,527,497,83,24,32
36,Video 3.mp4,528,498,81,24,34
34,Video 3.mp4,529,515,146,25,21
36,Video 3.mp4,529,498,82,25,34
34,Video 3.mp4,530,517,146,24,21
36,Video 3.mp4,530,499,83,26,34
34,Video 3.mp4,531,517,146,24,21
36,Video 3.mp4,531,499,84,26,33
36,Video 3.mp4,532,500,84,24,34
36,Video 3.mp4,533,501,86,24,34
36,Video 3.mp4,534,502,87,23,34
34,Video 3.mp4,535,529,151,24,23
36,Video 3.mp4,535,502,89,24,33
34,Video 3.mp4,536,528,148,26,26
36,Video 3.mp4,536,503,89,23,33
34,Video 3.mp4,537,531,152,25,23
36,Video 3.mp4,537,503,91,23,34
34,Video 3.mp4,538,535,147,25,30
36,Video 3.mp4,538,503,92,23,35
36,Video 3.mp4,539,503,93,23,35
36,Video 3.mp4,540,504,95,23,35
36,Video 3.mp4,541,504,96,23,34
36,Video 3.mp4,542,504,96,24,35
36,Video 3.mp4,543,504,99,24,34
36,Video 3.mp4,544,504,104,25,32
36,Video 3.mp4,545,504,107,25,32
36,Video 3.mp4,546,504,107,25,33
34,Video 3.mp4,547,562,168,24,23
36,Video 3.mp4,547,504,110,26,33
34,Video 3.mp4,548,566,170,23,22
36,Video 3.mp4,548,504,114,26,33
34,Video 3.mp4,549,569,173,24,21
36,Video 3.mp4,549,504,117,27,34
34,Video 3.mp4,550,573,175,23,21
36,Video 3.mp4,550,503,120,27,34
34,Video 3.mp4,551,573,175,23,21
36,Video 3.mp4,551,503,120,27,32
34,Video 3.mp4,552,576,175,24,23
36,Video 3.mp4,552,502,122,28,34
34,Video 3.mp4,553,578,176,25,24
36,Video 3.mp4,553,502,126,27,33
34,Video 3.mp4,554,582,171,26,30
36,Video 3.mp4,554,501,128,28,35
34,Video 3.mp4,555,586,175,24,28
36,Video 3.mp4,555,499,129,29,37
34,Video 3.mp4,556,586,179,24,24
36,Video 3.mp4,556,500,129,28,37
36,Video 3.mp4,557,499,132,29,37
34,Video 3.mp4,558,513,148,14,24
36,Video 3.mp4,558,498,134,29,38
36,Video 3.mp4,559,497,137,31,38
36,Video 3.mp4,560,498,140,30,38
36,Video 3.mp4,561,498,140,30,38
34,Video 3.mp4,562,612,182,20,29
36,Video 3.mp4,562,497,143,32,39
36,Video 3.mp4,563,498,147,32,38
36,Video 3.mp4,564,498,149,34,39
36,Video 3.mp4,565,499,153,35,39
36,Video 3.mp4,566,499,153,36,38
36,Video 3.mp4,567,502,158,31,38
36,Video 3.mp4,568,505,163,32,36
36,Video 3.mp4,569,504,167,33,39
36,Video 3.mp4,570,502,172,37,38
36,Video 3.mp4,571,501,171,38,40
36,Video 3.mp4,572,503,177,38,38
36,Video 3.mp4,573,510,183,34,37
36,Video 3.mp4,577,526,196,32,39
36,Video 3.mp4,578,478,213,13,15
36,Video 3.mp4,579,479,213,16,18
34,Video 3.mp4,589,590,246,22,30
34,Video 3.mp4,590,593,252,26,30
34,Video 3.mp4,591,592,252,27,31
34,Video 3.mp4,592,599,257,24,25
38,Video 4.mp4,2,343,72,63,97
38,Video 4.mp4,3,340,70,64,97
38,Video 4.mp4,4,337,70,64,99
38,Video 4.mp4,5,332,70,65,101
38,Video 4.mp4,6,327,69,65,101
38,Video 4.mp4,7,320,69,66,103
38,Video 4.mp4,8,315,70,66,102
38,Video 4.mp4,9,307,72,66,99
38,Video 4.mp4,10,302,72,65,101
38,Video 4.mp4,11,294,74,68,102
38,Video 4.mp4,12,287,75,68,101
38,Video 4.mp4,13,279,77,67,101
38,Video 4.mp4,14,270,76,66,105
38,Video 4.mp4,15,263,73,60,101
38,Video 4.mp4,16,256,71,55,95
38,Video 4.mp4,17,248,68,50,83
39,Video 4.mp4,24,66,95,63,83
39,Video 4.mp4,25,68,97,63,83
39,Video 4.mp4,26,72,98,63,82
39,Video 4.mp4,27,75,99,63,80
39,Video 4.mp4,28,78,98,63,79
39,Video 4.mp4,29,81,94,64,80
39,Video 4.mp4,30,84,91,63,79
39,Video 4.mp4,31,88,89,62,80
39,Video 4.mp4,32,93,87,61,80
39,Video 4.mp4,33,98,87,61,79
39,Video 4.mp4,34,103,84,60,81
39,Video 4.mp4,35,109,83,60,80
39,Video 4.mp4,36,114,80,62,82
39,Video 4.mp4,37,121,81,61,82
39,Video 4.mp4,38,128,80,60,82
39,Video 4.mp4,39,134,81,60,83
39,Video 4.mp4,40,139,83,61,84
39,Video 4.mp4,41,145,89,60,81
39,Video 4.mp4,42,151,91,61,82
39,Video 4.mp4,43,154,94,63,83
39,Video 4.mp4,44,159,97,64,82
39,Video 4.mp4,45,163,97,64,80
39,Video 4.mp4,46,167,97,65,80
39,Video 4.mp4,47,174,95,63,78
39,Video 4.mp4,48,178,92,64,79
39,Video 4.mp4,49,182,90,65,80
42,Video 4.mp4,49,321,38,75,113
39,Video 4.mp4,50,185,86,66,81
42,Video 4.mp4,50,322,40,74,113
39,Video 4.mp4,51,188,84,65,82
42,Video 4.mp4,51,320,42,75,111
39,Video 4.mp4,52,191,85,65,80
42,Video 4.mp4,52,320,43,73,112
39,Video 4.mp4,53,194,84,65,82
42,Video 4.mp4,53,319,42,73,114
39,Video 4.mp4,54,197,84,64,84
42,Video 4.mp4,54,320,43,71,108
39,Video 4.mp4,55,198,84,64,86
42,Video 4.mp4,55,318,44,71,106
39,Video 4.mp4,56,200,84,64,86
42,Video 4.mp4,56,316,46,71,104
39,Video 4.mp4,57,201,83,62,87
42,Video 4.mp4,57,315,47,70,104
39,Video 4.mp4,58,202,86,63,87
42,Video 4.mp4,58,314,48,69,104
39,Video 4.mp4,59,203,88,63,87
42,Video 4.mp4,59,315,49,69,106
39,Video 4.mp4,60,204,91,63,87
42,Video 4.mp4,60,316,50,68,104
39,Video 4.mp4,61,205,92,62,89
42,Video 4.mp4,61,317,51,68,102
39,Video 4.mp4,62,204,95,62,88
42,Video 4.mp4,62,318,52,67,103
39,Video 4.mp4,63,204,98,61,87
42,Video 4.mp4,63,319,52,66,104
39,Video 4.mp4,64,202,99,62,87
42,Video 4.mp4,64,319,54,66,102
39,Video 4.mp4,65,200,101,63,85
42,Video 4.mp4,65,320,56,66,101
39,Video 4.mp4,66,200,103,62,83
42,Video 4.mp4,66,320,57,66,99
39,Video 4.mp4,67,200,100,61,86
42,Video 4.mp4,67,321,58,66,101
43,Video 4.mp4,67,123,211,25,32
39,Video 4.mp4,68,199,100,62,84
42,Video 4.mp4,68,322,60,66,102
39,Video 4.mp4,69,198,98,62,85
42,Video 4.mp4,69,323,62,65,101
39,Video 4.mp4,70,196,94,62,88
42,Video 4.mp4,70,324,64,65,101
44,Video 4.mp4,70,26,162,34,22
39,Video 4.mp4,71,197,94,61,89
42,Video 4.mp4,71,325,64,65,97
44,Video 4.mp4,71,34,163,36,22
39,Video 4.mp4,72,196,93,60,89
42,Video 4.mp4,72,327,63,65,98
44,Video 4.mp4,72,41,164,39,21
39,Video 4.mp4,73,195,91,59,89
42,Video 4.mp4,73,329,63,66,98
34,Video 4.mp4,73,31,129,32,57
39,Video 4.mp4,74,195,91,59,87
42,Video 4.mp4,74,331,62,67,97
44,Video 4.mp4,74,53,165,34,22
39,Video 4.mp4,75,195,91,59,87
42,Video 4.mp4,75,333,60,67,99
44,Video 4.mp4,75,59,165,42,23
39,Video 4.mp4,76,195,90,59,87
42,Video 4.mp4,76,336,61,67,98
44,Video 4.mp4,76,66,165,41,23
39,Video 4.mp4,77,196,91,59,87
42,Video 4.mp4,77,339,59,67,100
44,Video 4.mp4,77,76,166,38,23
39,Video 4.mp4,78,196,91,59,88
42,Video 4.mp4,78,342,60,67,101
44,Video 4.mp4,78,82,168,37,21
39,Video 4.mp4,79,198,94,58,88
42,Video 4.mp4,79,345,62,68,97
34,Video 4.mp4,79,84,136,31,53
39,Video 4.mp4,80,199,96,60,89
42,Video 4.mp4,80,351,63,68,98
34,Video 4.mp4,80,86,137,35,53
39,Video 4.mp4,81,201,97,60,90
42,Video 4.mp4,81,355,64,69,97
44,Video 4.mp4,81,101,168,40,23
39,Video 4.mp4,82,203,100,60,89
42,Video 4.mp4,82,361,64,68,99
44,Video 4.mp4,82,106,167,32,24
39,Video 4.mp4,83,204,100,61,90
42,Video 4.mp4,83,365,64,69,95
44,Video 4.mp4,83,113,167,30,25
39,Video 4.mp4,84,205,99,64,89
42,Video 4.mp4,84,369,65,69,96
44,Video 4.mp4,84,118,167,31,25
39,Video 4.mp4,85,207,96,65,91
42,Video 4.mp4,85,372,65,72,98
44,Video 4.mp4,85,124,167,31,25
39,Video 4.mp4,86,210,92,65,92
42,Video 4.mp4,86,377,67,73,95
44,Video 4.mp4,86,130,167,29,25
39,Video 4.mp4,87,213,88,66,94
42,Video 4.mp4,87,381,68,72,95
44,Video 4.mp4,87,135,166,30,26
39,Video 4.mp4,88,216,87,65,95
42,Video 4.mp4,88,385,68,72,95
44,Video 4.mp4,88,139,166,30,26
39,Video 4.mp4,89,218,88,65,94
42,Video 4.mp4,89,390,70,71,93
44,Video 4.mp4,89,144,166,30,25
39,Video 4.mp4,90,220,86,65,96
42,Video 4.mp4,90,393,73,71,91
44,Video 4.mp4,90,150,166,29,25
39,Video 4.mp4,91,223,88,64,95
42,Video 4.mp4,91,396,74,71,92
44,Video 4.mp4,91,155,166,28,25
39,Video 4.mp4,92,225,87,63,96
42,Video 4.mp4,92,399,76,71,95
44,Video 4.mp4,92,159,165,29,26
39,Video 4.mp4,93,226,84,64,99
42,Video 4.mp4,93,401,78,71,95
44,Video 4.mp4,93,163,165,28,27
39,Video 4.mp4,94,227,85,64,98
42,Video 4.mp4,94,401,80,70,94
44,Video 4.mp4,94,168,165,28,25
39,Video 4.mp4,95,228,84,64,99
42,Video 4.mp4,95,401,81,69,93
44,Video 4.mp4,95,172,165,28,25
39,Video 4.mp4,96,229,83,64,100
42,Video 4.mp4,96,400,78,67,94
44,Video 4.mp4,96,175,164,27,28
39,Video 4.mp4,97,231,84,63,99
42,Video 4.mp4,97,399,76,67,95
44,Video 4.mp4,97,178,164,28,27
39,Video 4.mp4,98,232,84,63,100
42,Video 4.mp4,98,397,75,69,94
44,Video 4.mp4,98,181,164,27,28
39,Video 4.mp4,99,232,86,65,100
42,Video 4.mp4,99,395,73,70,94
39,Video 4.mp4,100,233,87,65,102
42,Video 4.mp4,100,392,72,71,94
39,Video 4.mp4,101,234,91,65,100
42,Video 4.mp4,101,392,68,70,98
39,Video 4.mp4,102,234,92,66,102
42,Video 4.mp4,102,391,68,70,97
39,Video 4.mp4,103,236,93,65,103
42,Video 4.mp4,103,393,65,69,96
39,Video 4.mp4,104,235,92,66,104
42,Video 4.mp4,104,392,64,71,97
39,Video 4.mp4,105,234,93,66,103
42,Video 4.mp4,105,393,62,71,100
39,Video 4.mp4,106,233,88,66,105
42,Video 4.mp4,106,394,61,72,102
39,Video 4.mp4,107,230,84,67,105
42,Video 4.mp4,107,397,60,71,100
39,Video 4.mp4,108,228,80,68,106
42,Video 4.mp4,108,400,58,70,103
39,Video 4.mp4,109,226,76,69,108
42,Video 4.mp4,109,402,59,71,104
39,Video 4.mp4,110,225,73,69,109
42,Video 4.mp4,110,406,60,71,101
39,Video 4.mp4,111,223,71,70,109
42,Video 4.mp4,111,408,59,72,104
39,Video 4.mp4,112,221,70,71,110
42,Video 4.mp4,112,412,59,71,102
39,Video 4.mp4,113,221,68,71,111
42,Video 4.mp4,113,416,59,72,104
39,Video 4.mp4,114,220,68,72,109
42,Video 4.mp4,114,421,60,73,104
39,Video 4.mp4,115,221,66,72,111
42,Video 4.mp4,115,426,59,72,109
39,Video 4.mp4,116,219,67,74,109
42,Video 4.mp4,116,433,59,71,111
39,Video 4.mp4,117,220,65,72,111
42,Video 4.mp4,117,437,59,73,112
39,Video 4.mp4,118,220,64,73,112
42,Video 4.mp4,118,444,59,72,110
39,Video 4.mp4,119,218,64,75,114
42,Video 4.mp4,119,451,53,72,113
39,Video 4.mp4,120,219,65,74,115
42,Video 4.mp4,120,458,49,72,115
39,Video 4.mp4,121,218,66,74,116
42,Video 4.mp4,121,463,44,72,116
39,Video 4.mp4,122,217,66,76,120
42,Video 4.mp4,122,468,41,72,115
39,Video 4.mp4,123,218,64,75,122
42,Video 4.mp4,123,472,37,72,116
39,Video 4.mp4,124,218,72,76,115
42,Video 4.mp4,124,477,35,72,116
39,Video 4.mp4,125,219,66,78,122
42,Video 4.mp4,125,479,35,73,117
39,Video 4.mp4,126,223,67,78,119
42,Video 4.mp4,126,482,33,73,118
39,Video 4.mp4,127,226,65,78,118
42,Video 4.mp4,127,485,33,73,116
39,Video 4.mp4,128,232,62,78,118
42,Video 4.mp4,128,488,33,73,114
39,Video 4.mp4,129,235,63,80,116
42,Video 4.mp4,129,491,33,74,118
39,Video 4.mp4,130,239,59,80,119
42,Video 4.mp4,130,492,33,74,118
39,Video 4.mp4,131,244,61,79,117
42,Video 4.mp4,131,494,34,74,118
39,Video 4.mp4,132,248,58,80,120
42,Video 4.mp4,132,495,34,75,120
39,Video 4.mp4,133,253,56,79,123
42,Video 4.mp4,133,496,36,74,121
39,Video 4.mp4,134,258,58,79,119
42,Video 4.mp4,134,496,36,75,122
39,Video 4.mp4,135,261,55,80,120
42,Video 4.mp4,135,496,40,75,119
39,Video 4.mp4,136,265,54,80,121
42,Video 4.mp4,136,494,41,75,116
39,Video 4.mp4,137,268,55,81,118
42,Video 4.mp4,137,491,42,75,117
39,Video 4.mp4,138,270,54,81,117
42,Video 4.mp4,138,487,44,76,120
39,Video 4.mp4,139,269,50,84,121
42,Video 4.mp4,139,483,42,76,120
39,Video 4.mp4,140,267,52,85,119
42,Video 4.mp4,140,478,41,77,120
39,Video 4.mp4,141,266,52,86,121
42,Video 4.mp4,141,472,40,77,118
39,Video 4.mp4,142,265,53,85,122
42,Video 4.mp4,142,468,41,76,120
39,Video 4.mp4,143,263,54,85,123
42,Video 4.mp4,143,462,41,78,120
39,Video 4.mp4,144,258,59,88,121
42,Video 4.mp4,144,458,40,77,121
39,Video 4.mp4,145,255,61,87,123
42,Video 4.mp4,145,453,40,78,122
39,Video 4.mp4,146,250,64,89,123
42,Video 4.mp4,146,449,39,78,122
39,Video 4.mp4,147,248,65,87,123
42,Video 4.mp4,147,445,38,77,122
39,Video 4.mp4,148,244,63,88,126
42,Video 4.mp4,148,441,38,77,121
39,Video 4.mp4,149,239,61,89,126
42,Video 4.mp4,149,438,39,75,119
39,Video 4.mp4,150,236,57,89,127
42,Video 4.mp4,150,434,39,76,119
39,Video 4.mp4,151,233,54,90,128
42,Video 4.mp4,151,432,41,76,120
39,Video 4.mp4,152,232,54,91,128
42,Video 4.mp4,152,428,44,77,118
39,Video 4.mp4,153,233,51,91,132
42,Video 4.mp4,153,427,46,77,118
39,Video 4.mp4,154,234,52,94,132
42,Video 4.mp4,154,427,48,76,119
39,Video 4.mp4,155,241,54,91,131
42,Video 4.mp4,155,428,50,76,118
39,Video 4.mp4,156,251,55,89,132
42,Video 4.mp4,156,429,52,77,122
39,Video 4.mp4,157,260,57,89,132
42,Video 4.mp4,157,433,56,77,122
39,Video 4.mp4,158,272,60,87,133
42,Video 4.mp4,158,437,59,75,121
39,Video 4.mp4,159,281,65,87,130
42,Video 4.mp4,159,440,61,75,121
39,Video 4.mp4,160,291,68,89,130
42,Video 4.mp4,160,444,62,74,121
39,Video 4.mp4,161,303,72,89,132
42,Video 4.mp4,161,449,63,74,119
39,Video 4.mp4,162,314,74,89,131
42,Video 4.mp4,162,453,62,74,121
39,Video 4.mp4,163,324,76,89,131
42,Video 4.mp4,163,456,64,73,120
39,Video 4.mp4,164,332,82,93,126
42,Video 4.mp4,164,459,64,72,121
39,Video 4.mp4,165,341,84,93,137
42,Video 4.mp4,165,460,65,71,120
39,Video 4.mp4,166,347,87,93,141
42,Video 4.mp4,166,459,67,70,119
39,Video 4.mp4,167,356,94,93,137
39,Video 4.mp4,168,366,100,91,134
39,Video 4.mp4,169,368,104,96,129
39,Video 4.mp4,170,376,107,94,127
42,Video 4.mp4,170,442,93,25,150
39,Video 4.mp4,171,386,102,91,130
42,Video 4.mp4,171,445,84,64,160
39,Video 4.mp4,172,394,99,88,131
42,Video 4.mp4,172,448,89,57,146
39,Video 4.mp4,173,400,100,87,127
42,Video 4.mp4,173,450,87,38,137
39,Video 4.mp4,174,402,98,87,129
42,Video 4.mp4,174,452,92,37,132
39,Video 4.mp4,175,403,98,87,128
42,Video 4.mp4,175,453,98,38,125
39,Video 4.mp4,176,403,95,87,127
39,Video 4.mp4,177,403,97,87,126
39,Video 4.mp4,178,401,99,86,125
39,Video 4.mp4,179,399,98,87,127
39,Video 4.mp4,180,397,95,87,133
39,Video 4.mp4,181,394,98,86,129
39,Video 4.mp4,182,391,97,86,130
39,Video 4.mp4,183,389,98,85,128
39,Video 4.mp4,184,385,97,86,131
39,Video 4.mp4,185,383,92,86,137
39,Video 4.mp4,186,379,96,90,135
42,Video 4.mp4,186,381,92,44,138
39,Video 4.mp4,187,376,101,89,130
42,Video 4.mp4,187,373,92,38,131
39,Video 4.mp4,188,374,100,90,131
39,Video 4.mp4,189,369,100,92,131
39,Video 4.mp4,190,366,99,92,134
39,Video 4.mp4,191,365,101,89,131
39,Video 4.mp4,192,362,98,88,132
39,Video 4.mp4,193,360,91,84,135
39,Video 4.mp4,194,355,88,87,134
39,Video 4.mp4,195,357,86,86,130
39,Video 4.mp4,196,357,83,85,128
39,Video 4.mp4,197,354,80,85,131
42,Video 4.mp4,197,306,181,18,25
39,Video 4.mp4,198,353,76,82,131
39,Video 4.mp4,199,351,75,81,131
39,Video 4.mp4,200,350,75,83,130
39,Video 4.mp4,201,345,75,85,128
39,Video 4.mp4,202,342,74,85,127
39,Video 4.mp4,203,338,72,86,130
39,Video 4.mp4,204,334,74,88,127
39,Video 4.mp4,205,329,72,89,130
39,Video 4.mp4,206,324,71,90,132
39,Video 4.mp4,207,317,74,93,134
39,Video 4.mp4,208,313,77,89,134
39,Video 4.mp4,209,306,80,90,131
39,Video 4.mp4,210,300,81,89,129
39,Video 4.mp4,211,293,82,90,127
39,Video 4.mp4,212,287,79,89,125
39,Video 4.mp4,213,280,73,91,129
39,Video 4.mp4,214,274,67,91,133
39,Video 4.mp4,215,265,64,94,133
39,Video 4.mp4,216,258,60,94,131
39,Video 4.mp4,217,250,58,95,132
42,Video 4.mp4,217,358,77,48,85
39,Video 4.mp4,218,241,63,96,128
39,Video 4.mp4,219,233,63,95,127
39,Video 4.mp4,220,224,60,95,133
42,Video 4.mp4,220,333,83,44,103
39,Video 4.mp4,221,217,59,94,134
42,Video 4.mp4,221,322,80,46,108
39,Video 4.mp4,222,210,57,90,137
42,Video 4.mp4,222,304,78,53,109
39,Video 4.mp4,223,199,60,90,136
42,Video 4.mp4,223,292,81,56,92
42,Video 4.mp4,224,279,78,61,93
42,Video 4.mp4,225,268,73,65,105
42,Video 4.mp4,226,259,73,68,108
42,Video 4.mp4,227,256,71,66,107
42,Video 4.mp4,228,253,68,64,108
42,Video 4.mp4,229,248,65,66,104
42,Video 4.mp4,230,245,63,65,109
42,Video 4.mp4,231,241,62,66,110
42,Video 4.mp4,232,238,63,67,109
42,Video 4.mp4,233,235,64,68,109
42,Video 4.mp4,234,235,66,67,109
42,Video 4.mp4,235,235,68,67,106
42,Video 4.mp4,236,234,69,70,111
42,Video 4.mp4,237,236,71,69,110
42,Video 4.mp4,238,239,72,69,111
42,Video 4.mp4,239,243,74,68,109
42,Video 4.mp4,240,246,74,69,112
42,Video 4.mp4,241,250,74,69,110
42,Video 4.mp4,242,255,71,69,113
42,Video 4.mp4,243,259,68,69,113
42,Video 4.mp4,244,261,64,69,113
42,Video 4.mp4,245,264,61,69,114
42,Video 4.mp4,246,265,58,70,115
42,Video 4.mp4,247,265,56,71,115
42,Video 4.mp4,248,265,54,71,116
42,Video 4.mp4,249,266,51,71,118
42,Video 4.mp4,250,266,50,72,119
42,Video 4.mp4,251,267,48,72,119
42,Video 4.mp4,252,267,46,74,121
42,Video 4.mp4,253,269,45,74,123
42,Video 4.mp4,254,270,44,75,119
42,Video 4.mp4,255,273,45,74,123
42,Video 4.mp4,256,273,47,76,126
42,Video 4.mp4,257,274,49,77,125
42,Video 4.mp4,258,275,51,78,125
42,Video 4.mp4,259,276,51,77,125
42,Video 4.mp4,260,276,50,77,124
39,Video 4.mp4,261,69,78,46,91
42,Video 4.mp4,261,276,48,76,120
39,Video 4.mp4,262,66,69,55,99
42,Video 4.mp4,262,274,44,77,117
39,Video 4.mp4,263,67,67,61,99
42,Video 4.mp4,263,273,41,78,125
39,Video 4.mp4,264,69,68,63,95
42,Video 4.mp4,264,274,37,77,121
39,Video 4.mp4,265,63,57,74,104
42,Video 4.mp4,265,276,34,76,118
39,Video 4.mp4,266,61,56,80,102
42,Video 4.mp4,266,278,32,77,119
39,Video 4.mp4,267,76,62,68,95
42,Video 4.mp4,267,282,31,76,120
39,Video 4.mp4,268,82,57,65,91
42,Video 4.mp4,268,286,29,76,116
39,Video 4.mp4,269,83,56,66,100
42,Video 4.mp4,269,289,28,77,119
39,Video 4.mp4,270,85,57,65,99
42,Video 4.mp4,270,293,28,77,117
39,Video 4.mp4,271,86,59,66,99
42,Video 4.mp4,271,297,28,76,118
39,Video 4.mp4,272,86,56,67,103
42,Video 4.mp4,272,300,28,79,118
39,Video 4.mp4,273,88,58,66,104
42,Video 4.mp4,273,304,28,78,118
39,Video 4.mp4,274,87,57,64,105
42,Video 4.mp4,274,308,28,78,119
39,Video 4.mp4,275,85,55,64,106
42,Video 4.mp4,275,310,29,79,117
39,Video 4.mp4,276,85,49,63,111
42,Video 4.mp4,276,315,29,79,119
39,Video 4.mp4,277,83,49,62,110
42,Video 4.mp4,277,319,30,80,118
39,Video 4.mp4,278,78,43,66,116
42,Video 4.mp4,278,326,32,80,118
39,Video 4.mp4,279,75,44,67,115
42,Video 4.mp4,279,333,33,81,124
39,Video 4.mp4,280,74,46,68,114
42,Video 4.mp4,280,343,35,79,119
39,Video 4.mp4,281,73,50,68,111
42,Video 4.mp4,281,351,36,80,119
39,Video 4.mp4,282,70,50,70,112
42,Video 4.mp4,282,358,37,82,120
39,Video 4.mp4,283,70,50,71,113
42,Video 4.mp4,283,368,35,82,122
39,Video 4.mp4,284,71,53,72,111
42,Video 4.mp4,284,378,33,82,124
39,Video 4.mp4,285,73,56,72,109
42,Video 4.mp4,285,387,30,82,128
39,Video 4.mp4,286,76,57,73,109
42,Video 4.mp4,286,395,27,83,127
39,Video 4.mp4,287,80,59,75,108
42,Video 4.mp4,287,403,25,86,126
39,Video 4.mp4,288,85,60,76,109
42,Video 4.mp4,288,414,22,87,132
39,Video 4.mp4,289,91,60,77,112
42,Video 4.mp4,289,423,19,89,137
39,Video 4.mp4,290,99,60,77,113
42,Video 4.mp4,290,431,17,90,140
39,Video 4.mp4,291,106,62,78,112
42,Video 4.mp4,291,439,14,94,144
39,Video 4.mp4,292,113,61,82,113
42,Video 4.mp4,292,447,8,96,149
39,Video 4.mp4,293,121,60,82,114
42,Video 4.mp4,293,457,3,96,149
39,Video 4.mp4,294,129,61,83,114
42,Video 4.mp4,294,465,1,99,149
39,Video 4.mp4,295,137,56,82,118
42,Video 4.mp4,295,474,1,99,148
39,Video 4.mp4,296,145,57,82,118
42,Video 4.mp4,296,481,1,101,144
39,Video 4.mp4,297,153,56,86,118
42,Video 4.mp4,297,489,0,104,142
39,Video 4.mp4,298,163,51,85,123
42,Video 4.mp4,298,498,0,105,142
39,Video 4.mp4,299,172,48,86,122
42,Video 4.mp4,299,507,0,107,141
39,Video 4.mp4,300,181,41,85,126
42,Video 4.mp4,300,513,0,110,141
39,Video 4.mp4,301,189,29,89,132
42,Video 4.mp4,301,520,0,112,135
39,Video 4.mp4,302,199,21,93,134
42,Video 4.mp4,302,526,0,112,132
39,Video 4.mp4,303,209,12,90,134
42,Video 4.mp4,303,532,0,111,128
39,Video 4.mp4,304,219,2,91,136
42,Video 4.mp4,304,537,0,110,119
39,Video 4.mp4,305,224,0,94,127
42,Video 4.mp4,305,539,0,115,108
39,Video 4.mp4,306,231,0,96,118
42,Video 4.mp4,306,536,0,123,95
39,Video 4.mp4,307,243,0,94,105
42,Video 4.mp4,307,549,0,120,80
39,Video 4.mp4,308,251,0,94,91
39,Video 4.mp4,309,254,0,97,77
